"Year","Age","sex","Incidence"
1990,1,1,0.00012
1990,1,2,6.13e-05
1990,2,1,0.000114
1990,2,2,5.92e-05
1990,3,1,0.000108
1990,3,2,5.72e-05
1990,4,1,0.000102
1990,4,2,5.52e-05
1990,5,1,9.59e-05
1990,5,2,5.32e-05
1990,6,1,9.98e-05
1990,6,2,5.79e-05
1990,7,1,0.000104
1990,7,2,6.26e-05
1990,8,1,0.000108
1990,8,2,6.74e-05
1990,9,1,0.000112
1990,9,2,7.21e-05
1990,10,1,0.000116
1990,10,2,7.68e-05
1990,11,1,0.000129
1990,11,2,8.81e-05
1990,12,1,0.000142
1990,12,2,9.93e-05
1990,13,1,0.000156
1990,13,2,0.000111
1990,14,1,0.000169
1990,14,2,0.000122
1990,15,1,0.000182
1990,15,2,0.000133
1990,16,1,0.000208
1990,16,2,0.000156
1990,17,1,0.000233
1990,17,2,0.000179
1990,18,1,0.000259
1990,18,2,0.000203
1990,19,1,0.000285
1990,19,2,0.000226
1990,20,1,0.00031
1990,20,2,0.000249
1990,21,1,0.000348
1990,21,2,0.000284
1990,22,1,0.000386
1990,22,2,0.000319
1990,23,1,0.000424
1990,23,2,0.000355
1990,24,1,0.000462
1990,24,2,0.00039
1990,25,1,5e-04
1990,25,2,0.000425
1990,26,1,7e-04
1990,26,2,0.000613
1990,27,1,0.000899
1990,27,2,0.000801
1990,28,1,0.00109876
1990,28,2,0.000988
1990,29,1,0.00129828
1990,29,2,0.00117628
1990,30,1,0.0014978
1990,30,2,0.0013641
1990,31,1,0.00185888
1990,31,2,0.00170452
1990,32,1,0.00221996
1990,32,2,0.00204494
1990,33,1,0.00258104
1990,33,2,0.00238536
1990,34,1,0.00294212
1990,34,2,0.00272578
1990,35,1,0.0033032
1990,35,2,0.0030662
1990,36,1,0.00414742
1990,36,2,0.00386868
1990,37,1,0.00499164
1990,37,2,0.00467116
1990,38,1,0.00583586
1990,38,2,0.00547364
1990,39,1,0.00668008
1990,39,2,0.00627612
1990,40,1,0.0075243
1990,40,2,0.0070786
1990,41,1,0.00885164
1990,41,2,0.00834318
1990,42,1,0.01017898
1990,42,2,0.00960776
1990,43,1,0.01150632
1990,43,2,0.01087234
1990,44,1,0.01283366
1990,44,2,0.01213692
1990,45,1,0.014161
1990,45,2,0.0134015
1990,46,1,0.01588934
1990,46,2,0.01490032
1990,47,1,0.01761768
1990,47,2,0.01639914
1990,48,1,0.01934602
1990,48,2,0.01789796
1990,49,1,0.02107436
1990,49,2,0.01939678
1990,50,1,0.0228027
1990,50,2,0.0208956
1990,51,1,0.02493204
1990,51,2,0.02262866
1990,52,1,0.02706138
1990,52,2,0.02436172
1990,53,1,0.02919072
1990,53,2,0.02609478
1990,54,1,0.03132006
1990,54,2,0.02782784
1990,55,1,0.0334494
1990,55,2,0.0295609
1990,56,1,0.0361179
1990,56,2,0.0318241
1990,57,1,0.0387864
1990,57,2,0.0340873
1990,58,1,0.0414549
1990,58,2,0.0363505
1990,59,1,0.0441234
1990,59,2,0.0386137
1990,60,1,0.0467919
1990,60,2,0.0408769
1990,61,1,0.04999958
1990,61,2,0.04367026
1990,62,1,0.05320726
1990,62,2,0.04646362
1990,63,1,0.05641494
1990,63,2,0.04925698
1990,64,1,0.05962262
1990,64,2,0.05205034
1990,65,1,0.0628303
1990,65,2,0.0548437
1990,66,1,0.06906226
1990,66,2,0.0601442
1990,67,1,0.07529422
1990,67,2,0.0654447
1990,68,1,0.08152618
1990,68,2,0.0707452
1990,69,1,0.08775814
1990,69,2,0.0760457
1990,70,1,0.0939901
1990,70,2,0.0813462
1990,71,1,0.1032464
1990,71,2,0.08915396
1990,72,1,0.1125027
1990,72,2,0.09696172
1990,73,1,0.121759
1990,73,2,0.10476948
1990,74,1,0.1310153
1990,74,2,0.11257724
1990,75,1,0.1402716
1990,75,2,0.120385
1990,76,1,0.16665386
1990,76,2,0.14031794
1990,77,1,0.19303612
1990,77,2,0.16025088
1990,78,1,0.21941838
1990,78,2,0.18018382
1990,79,1,0.24580064
1990,79,2,0.20011676
1990,80,1,0.2721829
1990,80,2,0.2200497
1990,81,1,0.2721829
1990,81,2,0.2200497
1990,82,1,0.2721829
1990,82,2,0.2200497
1990,83,1,0.2721829
1990,83,2,0.2200497
1990,84,1,0.2721829
1990,84,2,0.2200497
1990,85,1,0.2721829
1990,85,2,0.2200497
1990,86,1,0.2721829
1990,86,2,0.2200497
1990,87,1,0.2721829
1990,87,2,0.2200497
1990,88,1,0.2721829
1990,88,2,0.2200497
1990,89,1,0.2721829
1990,89,2,0.2200497
1990,90,1,0.2721829
1990,90,2,0.2200497
1990,91,1,0.2721829
1990,91,2,0.2200497
1990,92,1,0.2721829
1990,92,2,0.2200497
1990,93,1,0.2721829
1990,93,2,0.2200497
1990,94,1,0.2721829
1990,94,2,0.2200497
1990,95,1,0.2721829
1990,95,2,0.2200497
1990,96,1,0.2721829
1990,96,2,0.2200497
1990,97,1,0.2721829
1990,97,2,0.2200497
1990,98,1,0.2721829
1990,98,2,0.2200497
1990,99,1,0.2721829
1990,99,2,0.2200497
1990,100,1,0.2721829
1990,100,2,0.2200497
1990,101,1,0.2721829
1990,101,2,0.2200497
1990,102,1,0.2721829
1990,102,2,0.2200497
1990,103,1,0.2721829
1990,103,2,0.2200497
1991,1,1,0.000121
1991,1,2,6.13e-05
1991,2,1,0.000115
1991,2,2,5.92e-05
1991,3,1,0.000109
1991,3,2,5.72e-05
1991,4,1,0.000103
1991,4,2,5.52e-05
1991,5,1,9.62e-05
1991,5,2,5.32e-05
1991,6,1,1e-04
1991,6,2,5.79e-05
1991,7,1,0.000104
1991,7,2,6.26e-05
1991,8,1,0.000108
1991,8,2,6.74e-05
1991,9,1,0.000112
1991,9,2,7.21e-05
1991,10,1,0.000116
1991,10,2,7.68e-05
1991,11,1,0.000129
1991,11,2,8.81e-05
1991,12,1,0.000142
1991,12,2,9.93e-05
1991,13,1,0.000155
1991,13,2,0.000111
1991,14,1,0.000169
1991,14,2,0.000122
1991,15,1,0.000182
1991,15,2,0.000133
1991,16,1,0.000208
1991,16,2,0.000156
1991,17,1,0.000234
1991,17,2,0.000179
1991,18,1,0.000259
1991,18,2,0.000203
1991,19,1,0.000285
1991,19,2,0.000226
1991,20,1,0.000311
1991,20,2,0.000249
1991,21,1,0.000349
1991,21,2,0.000284
1991,22,1,0.000387
1991,22,2,0.000319
1991,23,1,0.000425
1991,23,2,0.000355
1991,24,1,0.000463
1991,24,2,0.00039
1991,25,1,0.000501
1991,25,2,0.000425
1991,26,1,0.000702
1991,26,2,0.000613
1991,27,1,0.000902
1991,27,2,0.000801
1991,28,1,0.00110266
1991,28,2,0.000988
1991,29,1,0.00130315
1991,29,2,0.00117628
1991,30,1,0.00150364
1991,30,2,0.0013641
1991,31,1,0.0018665
1991,31,2,0.00170452
1991,32,1,0.00222937
1991,32,2,0.00204494
1991,33,1,0.00259223
1991,33,2,0.00238536
1991,34,1,0.0029551
1991,34,2,0.00272578
1991,35,1,0.00331796
1991,35,2,0.0030662
1991,36,1,0.00416119
1991,36,2,0.00386868
1991,37,1,0.00500442
1991,37,2,0.00467116
1991,38,1,0.00584766
1991,38,2,0.00547364
1991,39,1,0.00669089
1991,39,2,0.00627612
1991,40,1,0.00753412
1991,40,2,0.0070786
1991,41,1,0.00885771
1991,41,2,0.00834318
1991,42,1,0.0101813
1991,42,2,0.00960776
1991,43,1,0.0115049
1991,43,2,0.01087234
1991,44,1,0.01282849
1991,44,2,0.01213692
1991,45,1,0.01415208
1991,45,2,0.0134015
1991,46,1,0.01587135
1991,46,2,0.01490032
1991,47,1,0.01759062
1991,47,2,0.01639914
1991,48,1,0.01930988
1991,48,2,0.01789796
1991,49,1,0.02102915
1991,49,2,0.01939678
1991,50,1,0.02274842
1991,50,2,0.0208956
1991,51,1,0.02486336
1991,51,2,0.02262866
1991,52,1,0.0269783
1991,52,2,0.02436172
1991,53,1,0.02909324
1991,53,2,0.02609478
1991,54,1,0.03120818
1991,54,2,0.02782784
1991,55,1,0.03332312
1991,55,2,0.0295609
1991,56,1,0.03598198
1991,56,2,0.0318241
1991,57,1,0.03864084
1991,57,2,0.0340873
1991,58,1,0.0412997
1991,58,2,0.0363505
1991,59,1,0.04395856
1991,59,2,0.0386137
1991,60,1,0.04661742
1991,60,2,0.0408769
1991,61,1,0.04982021
1991,61,2,0.04367026
1991,62,1,0.053023
1991,62,2,0.04646362
1991,63,1,0.0562258
1991,63,2,0.04925698
1991,64,1,0.05942859
1991,64,2,0.05205034
1991,65,1,0.06263138
1991,65,2,0.0548437
1991,66,1,0.06890045
1991,66,2,0.0601442
1991,67,1,0.07516952
1991,67,2,0.0654447
1991,68,1,0.08143858
1991,68,2,0.0707452
1991,69,1,0.08770765
1991,69,2,0.0760457
1991,70,1,0.09397672
1991,70,2,0.0813462
1991,71,1,0.10331213
1991,71,2,0.08915396
1991,72,1,0.11264754
1991,72,2,0.09696172
1991,73,1,0.12198294
1991,73,2,0.10476948
1991,74,1,0.13131835
1991,74,2,0.11257724
1991,75,1,0.14065376
1991,75,2,0.120385
1991,76,1,0.16703246
1991,76,2,0.14031794
1991,77,1,0.19341115
1991,77,2,0.16025088
1991,78,1,0.21978985
1991,78,2,0.18018382
1991,79,1,0.24616854
1991,79,2,0.20011676
1991,80,1,0.27254724
1991,80,2,0.2200497
1991,81,1,0.27254724
1991,81,2,0.2200497
1991,82,1,0.27254724
1991,82,2,0.2200497
1991,83,1,0.27254724
1991,83,2,0.2200497
1991,84,1,0.27254724
1991,84,2,0.2200497
1991,85,1,0.27254724
1991,85,2,0.2200497
1991,86,1,0.27254724
1991,86,2,0.2200497
1991,87,1,0.27254724
1991,87,2,0.2200497
1991,88,1,0.27254724
1991,88,2,0.2200497
1991,89,1,0.27254724
1991,89,2,0.2200497
1991,90,1,0.27254724
1991,90,2,0.2200497
1991,91,1,0.27254724
1991,91,2,0.2200497
1991,92,1,0.27254724
1991,92,2,0.2200497
1991,93,1,0.27254724
1991,93,2,0.2200497
1991,94,1,0.27254724
1991,94,2,0.2200497
1991,95,1,0.27254724
1991,95,2,0.2200497
1991,96,1,0.27254724
1991,96,2,0.2200497
1991,97,1,0.27254724
1991,97,2,0.2200497
1991,98,1,0.27254724
1991,98,2,0.2200497
1991,99,1,0.27254724
1991,99,2,0.2200497
1991,100,1,0.27254724
1991,100,2,0.2200497
1991,101,1,0.27254724
1991,101,2,0.2200497
1991,102,1,0.27254724
1991,102,2,0.2200497
1991,103,1,0.27254724
1991,103,2,0.2200497
1992,1,1,0.000122
1992,1,2,6.13e-05
1992,2,1,0.000116
1992,2,2,5.92e-05
1992,3,1,0.000109
1992,3,2,5.72e-05
1992,4,1,0.000103
1992,4,2,5.52e-05
1992,5,1,9.66e-05
1992,5,2,5.32e-05
1992,6,1,1e-04
1992,6,2,5.79e-05
1992,7,1,0.000104
1992,7,2,6.26e-05
1992,8,1,0.000108
1992,8,2,6.74e-05
1992,9,1,0.000112
1992,9,2,7.21e-05
1992,10,1,0.000115
1992,10,2,7.68e-05
1992,11,1,0.000129
1992,11,2,8.81e-05
1992,12,1,0.000142
1992,12,2,9.93e-05
1992,13,1,0.000155
1992,13,2,0.000111
1992,14,1,0.000169
1992,14,2,0.000122
1992,15,1,0.000182
1992,15,2,0.000133
1992,16,1,0.000208
1992,16,2,0.000156
1992,17,1,0.000234
1992,17,2,0.000179
1992,18,1,0.000259
1992,18,2,0.000203
1992,19,1,0.000285
1992,19,2,0.000226
1992,20,1,0.000311
1992,20,2,0.000249
1992,21,1,0.000349
1992,21,2,0.000284
1992,22,1,0.000387
1992,22,2,0.000319
1992,23,1,0.000426
1992,23,2,0.000355
1992,24,1,0.000464
1992,24,2,0.00039
1992,25,1,0.000502
1992,25,2,0.000425
1992,26,1,0.000704
1992,26,2,0.000613
1992,27,1,0.000905
1992,27,2,0.000801
1992,28,1,0.00110657
1992,28,2,0.000988
1992,29,1,0.00130802
1992,29,2,0.00117628
1992,30,1,0.00150948
1992,30,2,0.0013641
1992,31,1,0.00187413
1992,31,2,0.00170452
1992,32,1,0.00223878
1992,32,2,0.00204494
1992,33,1,0.00260342
1992,33,2,0.00238536
1992,34,1,0.00296807
1992,34,2,0.00272578
1992,35,1,0.00333272
1992,35,2,0.0030662
1992,36,1,0.00417496
1992,36,2,0.00386868
1992,37,1,0.00501721
1992,37,2,0.00467116
1992,38,1,0.00585945
1992,38,2,0.00547364
1992,39,1,0.0067017
1992,39,2,0.00627612
1992,40,1,0.00754394
1992,40,2,0.0070786
1992,41,1,0.00886378
1992,41,2,0.00834318
1992,42,1,0.01018363
1992,42,2,0.00960776
1992,43,1,0.01150347
1992,43,2,0.01087234
1992,44,1,0.01282332
1992,44,2,0.01213692
1992,45,1,0.01414316
1992,45,2,0.0134015
1992,46,1,0.01585336
1992,46,2,0.01490032
1992,47,1,0.01756355
1992,47,2,0.01639914
1992,48,1,0.01927375
1992,48,2,0.01789796
1992,49,1,0.02098394
1992,49,2,0.01939678
1992,50,1,0.02269414
1992,50,2,0.0208956
1992,51,1,0.02479468
1992,51,2,0.02262866
1992,52,1,0.02689522
1992,52,2,0.02436172
1992,53,1,0.02899576
1992,53,2,0.02609478
1992,54,1,0.0310963
1992,54,2,0.02782784
1992,55,1,0.03319684
1992,55,2,0.0295609
1992,56,1,0.03584606
1992,56,2,0.0318241
1992,57,1,0.03849528
1992,57,2,0.0340873
1992,58,1,0.0411445
1992,58,2,0.0363505
1992,59,1,0.04379372
1992,59,2,0.0386137
1992,60,1,0.04644294
1992,60,2,0.0408769
1992,61,1,0.04964084
1992,61,2,0.04367026
1992,62,1,0.05283875
1992,62,2,0.04646362
1992,63,1,0.05603665
1992,63,2,0.04925698
1992,64,1,0.05923456
1992,64,2,0.05205034
1992,65,1,0.06243246
1992,65,2,0.0548437
1992,66,1,0.06873864
1992,66,2,0.0601442
1992,67,1,0.07504481
1992,67,2,0.0654447
1992,68,1,0.08135099
1992,68,2,0.0707452
1992,69,1,0.08765716
1992,69,2,0.0760457
1992,70,1,0.09396334
1992,70,2,0.0813462
1992,71,1,0.10337786
1992,71,2,0.08915396
1992,72,1,0.11279237
1992,72,2,0.09696172
1992,73,1,0.12220689
1992,73,2,0.10476948
1992,74,1,0.1316214
1992,74,2,0.11257724
1992,75,1,0.14103592
1992,75,2,0.120385
1992,76,1,0.16741105
1992,76,2,0.14031794
1992,77,1,0.19378618
1992,77,2,0.16025088
1992,78,1,0.22016132
1992,78,2,0.18018382
1992,79,1,0.24653645
1992,79,2,0.20011676
1992,80,1,0.27291158
1992,80,2,0.2200497
1992,81,1,0.27291158
1992,81,2,0.2200497
1992,82,1,0.27291158
1992,82,2,0.2200497
1992,83,1,0.27291158
1992,83,2,0.2200497
1992,84,1,0.27291158
1992,84,2,0.2200497
1992,85,1,0.27291158
1992,85,2,0.2200497
1992,86,1,0.27291158
1992,86,2,0.2200497
1992,87,1,0.27291158
1992,87,2,0.2200497
1992,88,1,0.27291158
1992,88,2,0.2200497
1992,89,1,0.27291158
1992,89,2,0.2200497
1992,90,1,0.27291158
1992,90,2,0.2200497
1992,91,1,0.27291158
1992,91,2,0.2200497
1992,92,1,0.27291158
1992,92,2,0.2200497
1992,93,1,0.27291158
1992,93,2,0.2200497
1992,94,1,0.27291158
1992,94,2,0.2200497
1992,95,1,0.27291158
1992,95,2,0.2200497
1992,96,1,0.27291158
1992,96,2,0.2200497
1992,97,1,0.27291158
1992,97,2,0.2200497
1992,98,1,0.27291158
1992,98,2,0.2200497
1992,99,1,0.27291158
1992,99,2,0.2200497
1992,100,1,0.27291158
1992,100,2,0.2200497
1992,101,1,0.27291158
1992,101,2,0.2200497
1992,102,1,0.27291158
1992,102,2,0.2200497
1992,103,1,0.27291158
1992,103,2,0.2200497
1993,1,1,0.000123
1993,1,2,6.13e-05
1993,2,1,0.000117
1993,2,2,5.92e-05
1993,3,1,0.00011
1993,3,2,5.72e-05
1993,4,1,0.000104
1993,4,2,5.52e-05
1993,5,1,9.69e-05
1993,5,2,5.32e-05
1993,6,1,0.000101
1993,6,2,5.79e-05
1993,7,1,0.000104
1993,7,2,6.26e-05
1993,8,1,0.000108
1993,8,2,6.74e-05
1993,9,1,0.000112
1993,9,2,7.21e-05
1993,10,1,0.000115
1993,10,2,7.68e-05
1993,11,1,0.000129
1993,11,2,8.81e-05
1993,12,1,0.000142
1993,12,2,9.93e-05
1993,13,1,0.000155
1993,13,2,0.000111
1993,14,1,0.000169
1993,14,2,0.000122
1993,15,1,0.000182
1993,15,2,0.000133
1993,16,1,0.000208
1993,16,2,0.000156
1993,17,1,0.000234
1993,17,2,0.000179
1993,18,1,0.000259
1993,18,2,0.000203
1993,19,1,0.000285
1993,19,2,0.000226
1993,20,1,0.000311
1993,20,2,0.000249
1993,21,1,0.00035
1993,21,2,0.000284
1993,22,1,0.000388
1993,22,2,0.000319
1993,23,1,0.000426
1993,23,2,0.000355
1993,24,1,0.000465
1993,24,2,0.00039
1993,25,1,0.000503
1993,25,2,0.000425
1993,26,1,0.000706
1993,26,2,0.000613
1993,27,1,0.000908
1993,27,2,0.000801
1993,28,1,0.00111047
1993,28,2,0.000988
1993,29,1,0.0013129
1993,29,2,0.00117628
1993,30,1,0.00151532
1993,30,2,0.0013641
1993,31,1,0.00188175
1993,31,2,0.00170452
1993,32,1,0.00224818
1993,32,2,0.00204494
1993,33,1,0.00261462
1993,33,2,0.00238536
1993,34,1,0.00298105
1993,34,2,0.00272578
1993,35,1,0.00334748
1993,35,2,0.0030662
1993,36,1,0.00418874
1993,36,2,0.00386868
1993,37,1,0.00502999
1993,37,2,0.00467116
1993,38,1,0.00587125
1993,38,2,0.00547364
1993,39,1,0.0067125
1993,39,2,0.00627612
1993,40,1,0.00755376
1993,40,2,0.0070786
1993,41,1,0.00886986
1993,41,2,0.00834318
1993,42,1,0.01018595
1993,42,2,0.00960776
1993,43,1,0.01150205
1993,43,2,0.01087234
1993,44,1,0.01281814
1993,44,2,0.01213692
1993,45,1,0.01413424
1993,45,2,0.0134015
1993,46,1,0.01583536
1993,46,2,0.01490032
1993,47,1,0.01753649
1993,47,2,0.01639914
1993,48,1,0.01923761
1993,48,2,0.01789796
1993,49,1,0.02093874
1993,49,2,0.01939678
1993,50,1,0.02263986
1993,50,2,0.0208956
1993,51,1,0.024726
1993,51,2,0.02262866
1993,52,1,0.02681214
1993,52,2,0.02436172
1993,53,1,0.02889828
1993,53,2,0.02609478
1993,54,1,0.03098442
1993,54,2,0.02782784
1993,55,1,0.03307056
1993,55,2,0.0295609
1993,56,1,0.03571014
1993,56,2,0.0318241
1993,57,1,0.03834972
1993,57,2,0.0340873
1993,58,1,0.0409893
1993,58,2,0.0363505
1993,59,1,0.04362888
1993,59,2,0.0386137
1993,60,1,0.04626846
1993,60,2,0.0408769
1993,61,1,0.04946148
1993,61,2,0.04367026
1993,62,1,0.05265449
1993,62,2,0.04646362
1993,63,1,0.05584751
1993,63,2,0.04925698
1993,64,1,0.05904052
1993,64,2,0.05205034
1993,65,1,0.06223354
1993,65,2,0.0548437
1993,66,1,0.06857682
1993,66,2,0.0601442
1993,67,1,0.07492011
1993,67,2,0.0654447
1993,68,1,0.08126339
1993,68,2,0.0707452
1993,69,1,0.08760668
1993,69,2,0.0760457
1993,70,1,0.09394996
1993,70,2,0.0813462
1993,71,1,0.10344358
1993,71,2,0.08915396
1993,72,1,0.11293721
1993,72,2,0.09696172
1993,73,1,0.12243083
1993,73,2,0.10476948
1993,74,1,0.13192446
1993,74,2,0.11257724
1993,75,1,0.14141808
1993,75,2,0.120385
1993,76,1,0.16778965
1993,76,2,0.14031794
1993,77,1,0.19416122
1993,77,2,0.16025088
1993,78,1,0.22053278
1993,78,2,0.18018382
1993,79,1,0.24690435
1993,79,2,0.20011676
1993,80,1,0.27327592
1993,80,2,0.2200497
1993,81,1,0.27327592
1993,81,2,0.2200497
1993,82,1,0.27327592
1993,82,2,0.2200497
1993,83,1,0.27327592
1993,83,2,0.2200497
1993,84,1,0.27327592
1993,84,2,0.2200497
1993,85,1,0.27327592
1993,85,2,0.2200497
1993,86,1,0.27327592
1993,86,2,0.2200497
1993,87,1,0.27327592
1993,87,2,0.2200497
1993,88,1,0.27327592
1993,88,2,0.2200497
1993,89,1,0.27327592
1993,89,2,0.2200497
1993,90,1,0.27327592
1993,90,2,0.2200497
1993,91,1,0.27327592
1993,91,2,0.2200497
1993,92,1,0.27327592
1993,92,2,0.2200497
1993,93,1,0.27327592
1993,93,2,0.2200497
1993,94,1,0.27327592
1993,94,2,0.2200497
1993,95,1,0.27327592
1993,95,2,0.2200497
1993,96,1,0.27327592
1993,96,2,0.2200497
1993,97,1,0.27327592
1993,97,2,0.2200497
1993,98,1,0.27327592
1993,98,2,0.2200497
1993,99,1,0.27327592
1993,99,2,0.2200497
1993,100,1,0.27327592
1993,100,2,0.2200497
1993,101,1,0.27327592
1993,101,2,0.2200497
1993,102,1,0.27327592
1993,102,2,0.2200497
1993,103,1,0.27327592
1993,103,2,0.2200497
1994,1,1,0.000125
1994,1,2,6.13e-05
1994,2,1,0.000118
1994,2,2,5.92e-05
1994,3,1,0.000111
1994,3,2,5.72e-05
1994,4,1,0.000104
1994,4,2,5.52e-05
1994,5,1,9.72e-05
1994,5,2,5.32e-05
1994,6,1,0.000101
1994,6,2,5.79e-05
1994,7,1,0.000104
1994,7,2,6.26e-05
1994,8,1,0.000108
1994,8,2,6.74e-05
1994,9,1,0.000112
1994,9,2,7.21e-05
1994,10,1,0.000115
1994,10,2,7.68e-05
1994,11,1,0.000129
1994,11,2,8.81e-05
1994,12,1,0.000142
1994,12,2,9.93e-05
1994,13,1,0.000155
1994,13,2,0.000111
1994,14,1,0.000168
1994,14,2,0.000122
1994,15,1,0.000182
1994,15,2,0.000133
1994,16,1,0.000208
1994,16,2,0.000156
1994,17,1,0.000234
1994,17,2,0.000179
1994,18,1,0.00026
1994,18,2,0.000203
1994,19,1,0.000286
1994,19,2,0.000226
1994,20,1,0.000311
1994,20,2,0.000249
1994,21,1,0.00035
1994,21,2,0.000284
1994,22,1,0.000389
1994,22,2,0.000319
1994,23,1,0.000427
1994,23,2,0.000355
1994,24,1,0.000466
1994,24,2,0.00039
1994,25,1,0.000504
1994,25,2,0.000425
1994,26,1,0.000708
1994,26,2,0.000613
1994,27,1,0.000911
1994,27,2,0.000801
1994,28,1,0.00111438
1994,28,2,0.000988
1994,29,1,0.00131777
1994,29,2,0.00117628
1994,30,1,0.00152116
1994,30,2,0.0013641
1994,31,1,0.00188938
1994,31,2,0.00170452
1994,32,1,0.00225759
1994,32,2,0.00204494
1994,33,1,0.00262581
1994,33,2,0.00238536
1994,34,1,0.00299402
1994,34,2,0.00272578
1994,35,1,0.00336224
1994,35,2,0.0030662
1994,36,1,0.00420251
1994,36,2,0.00386868
1994,37,1,0.00504278
1994,37,2,0.00467116
1994,38,1,0.00588304
1994,38,2,0.00547364
1994,39,1,0.00672331
1994,39,2,0.00627612
1994,40,1,0.00756358
1994,40,2,0.0070786
1994,41,1,0.00887593
1994,41,2,0.00834318
1994,42,1,0.01018828
1994,42,2,0.00960776
1994,43,1,0.01150062
1994,43,2,0.01087234
1994,44,1,0.01281297
1994,44,2,0.01213692
1994,45,1,0.01412532
1994,45,2,0.0134015
1994,46,1,0.01581737
1994,46,2,0.01490032
1994,47,1,0.01750942
1994,47,2,0.01639914
1994,48,1,0.01920148
1994,48,2,0.01789796
1994,49,1,0.02089353
1994,49,2,0.01939678
1994,50,1,0.02258558
1994,50,2,0.0208956
1994,51,1,0.02465732
1994,51,2,0.02262866
1994,52,1,0.02672906
1994,52,2,0.02436172
1994,53,1,0.0288008
1994,53,2,0.02609478
1994,54,1,0.03087254
1994,54,2,0.02782784
1994,55,1,0.03294428
1994,55,2,0.0295609
1994,56,1,0.03557422
1994,56,2,0.0318241
1994,57,1,0.03820416
1994,57,2,0.0340873
1994,58,1,0.0408341
1994,58,2,0.0363505
1994,59,1,0.04346404
1994,59,2,0.0386137
1994,60,1,0.04609398
1994,60,2,0.0408769
1994,61,1,0.04928211
1994,61,2,0.04367026
1994,62,1,0.05247024
1994,62,2,0.04646362
1994,63,1,0.05565836
1994,63,2,0.04925698
1994,64,1,0.05884649
1994,64,2,0.05205034
1994,65,1,0.06203462
1994,65,2,0.0548437
1994,66,1,0.06841501
1994,66,2,0.0601442
1994,67,1,0.0747954
1994,67,2,0.0654447
1994,68,1,0.0811758
1994,68,2,0.0707452
1994,69,1,0.08755619
1994,69,2,0.0760457
1994,70,1,0.09393658
1994,70,2,0.0813462
1994,71,1,0.10350931
1994,71,2,0.08915396
1994,72,1,0.11308204
1994,72,2,0.09696172
1994,73,1,0.12265478
1994,73,2,0.10476948
1994,74,1,0.13222751
1994,74,2,0.11257724
1994,75,1,0.14180024
1994,75,2,0.120385
1994,76,1,0.16816824
1994,76,2,0.14031794
1994,77,1,0.19453625
1994,77,2,0.16025088
1994,78,1,0.22090425
1994,78,2,0.18018382
1994,79,1,0.24727226
1994,79,2,0.20011676
1994,80,1,0.27364026
1994,80,2,0.2200497
1994,81,1,0.27364026
1994,81,2,0.2200497
1994,82,1,0.27364026
1994,82,2,0.2200497
1994,83,1,0.27364026
1994,83,2,0.2200497
1994,84,1,0.27364026
1994,84,2,0.2200497
1994,85,1,0.27364026
1994,85,2,0.2200497
1994,86,1,0.27364026
1994,86,2,0.2200497
1994,87,1,0.27364026
1994,87,2,0.2200497
1994,88,1,0.27364026
1994,88,2,0.2200497
1994,89,1,0.27364026
1994,89,2,0.2200497
1994,90,1,0.27364026
1994,90,2,0.2200497
1994,91,1,0.27364026
1994,91,2,0.2200497
1994,92,1,0.27364026
1994,92,2,0.2200497
1994,93,1,0.27364026
1994,93,2,0.2200497
1994,94,1,0.27364026
1994,94,2,0.2200497
1994,95,1,0.27364026
1994,95,2,0.2200497
1994,96,1,0.27364026
1994,96,2,0.2200497
1994,97,1,0.27364026
1994,97,2,0.2200497
1994,98,1,0.27364026
1994,98,2,0.2200497
1994,99,1,0.27364026
1994,99,2,0.2200497
1994,100,1,0.27364026
1994,100,2,0.2200497
1994,101,1,0.27364026
1994,101,2,0.2200497
1994,102,1,0.27364026
1994,102,2,0.2200497
1994,103,1,0.27364026
1994,103,2,0.2200497
1995,1,1,0.000126
1995,1,2,6.13e-05
1995,2,1,0.000119
1995,2,2,5.92e-05
1995,3,1,0.000112
1995,3,2,5.72e-05
1995,4,1,0.000105
1995,4,2,5.52e-05
1995,5,1,9.76e-05
1995,5,2,5.32e-05
1995,6,1,0.000101
1995,6,2,5.79e-05
1995,7,1,0.000105
1995,7,2,6.26e-05
1995,8,1,0.000108
1995,8,2,6.74e-05
1995,9,1,0.000112
1995,9,2,7.21e-05
1995,10,1,0.000115
1995,10,2,7.68e-05
1995,11,1,0.000129
1995,11,2,8.81e-05
1995,12,1,0.000142
1995,12,2,9.93e-05
1995,13,1,0.000155
1995,13,2,0.000111
1995,14,1,0.000168
1995,14,2,0.000122
1995,15,1,0.000182
1995,15,2,0.000133
1995,16,1,0.000208
1995,16,2,0.000156
1995,17,1,0.000234
1995,17,2,0.000179
1995,18,1,0.00026
1995,18,2,0.000203
1995,19,1,0.000286
1995,19,2,0.000226
1995,20,1,0.000312
1995,20,2,0.000249
1995,21,1,0.00035
1995,21,2,0.000284
1995,22,1,0.000389
1995,22,2,0.000319
1995,23,1,0.000428
1995,23,2,0.000355
1995,24,1,0.000467
1995,24,2,0.00039
1995,25,1,0.000505
1995,25,2,0.000425
1995,26,1,0.00071
1995,26,2,0.000613
1995,27,1,0.000914
1995,27,2,0.000801
1995,28,1,0.00111828
1995,28,2,0.000988
1995,29,1,0.00132264
1995,29,2,0.00117628
1995,30,1,0.001527
1995,30,2,0.0013641
1995,31,1,0.001897
1995,31,2,0.00170452
1995,32,1,0.002267
1995,32,2,0.00204494
1995,33,1,0.002637
1995,33,2,0.00238536
1995,34,1,0.003007
1995,34,2,0.00272578
1995,35,1,0.003377
1995,35,2,0.0030662
1995,36,1,0.00421628
1995,36,2,0.00386868
1995,37,1,0.00505556
1995,37,2,0.00467116
1995,38,1,0.00589484
1995,38,2,0.00547364
1995,39,1,0.00673412
1995,39,2,0.00627612
1995,40,1,0.0075734
1995,40,2,0.0070786
1995,41,1,0.008882
1995,41,2,0.00834318
1995,42,1,0.0101906
1995,42,2,0.00960776
1995,43,1,0.0114992
1995,43,2,0.01087234
1995,44,1,0.0128078
1995,44,2,0.01213692
1995,45,1,0.0141164
1995,45,2,0.0134015
1995,46,1,0.01579938
1995,46,2,0.01490032
1995,47,1,0.01748236
1995,47,2,0.01639914
1995,48,1,0.01916534
1995,48,2,0.01789796
1995,49,1,0.02084832
1995,49,2,0.01939678
1995,50,1,0.0225313
1995,50,2,0.0208956
1995,51,1,0.02458864
1995,51,2,0.02262866
1995,52,1,0.02664598
1995,52,2,0.02436172
1995,53,1,0.02870332
1995,53,2,0.02609478
1995,54,1,0.03076066
1995,54,2,0.02782784
1995,55,1,0.032818
1995,55,2,0.0295609
1995,56,1,0.0354383
1995,56,2,0.0318241
1995,57,1,0.0380586
1995,57,2,0.0340873
1995,58,1,0.0406789
1995,58,2,0.0363505
1995,59,1,0.0432992
1995,59,2,0.0386137
1995,60,1,0.0459195
1995,60,2,0.0408769
1995,61,1,0.04910274
1995,61,2,0.04367026
1995,62,1,0.05228598
1995,62,2,0.04646362
1995,63,1,0.05546922
1995,63,2,0.04925698
1995,64,1,0.05865246
1995,64,2,0.05205034
1995,65,1,0.0618357
1995,65,2,0.0548437
1995,66,1,0.0682532
1995,66,2,0.0601442
1995,67,1,0.0746707
1995,67,2,0.0654447
1995,68,1,0.0810882
1995,68,2,0.0707452
1995,69,1,0.0875057
1995,69,2,0.0760457
1995,70,1,0.0939232
1995,70,2,0.0813462
1995,71,1,0.10357504
1995,71,2,0.08915396
1995,72,1,0.11322688
1995,72,2,0.09696172
1995,73,1,0.12287872
1995,73,2,0.10476948
1995,74,1,0.13253056
1995,74,2,0.11257724
1995,75,1,0.1421824
1995,75,2,0.120385
1995,76,1,0.16854684
1995,76,2,0.14031794
1995,77,1,0.19491128
1995,77,2,0.16025088
1995,78,1,0.22127572
1995,78,2,0.18018382
1995,79,1,0.24764016
1995,79,2,0.20011676
1995,80,1,0.2740046
1995,80,2,0.2200497
1995,81,1,0.2740046
1995,81,2,0.2200497
1995,82,1,0.2740046
1995,82,2,0.2200497
1995,83,1,0.2740046
1995,83,2,0.2200497
1995,84,1,0.2740046
1995,84,2,0.2200497
1995,85,1,0.2740046
1995,85,2,0.2200497
1995,86,1,0.2740046
1995,86,2,0.2200497
1995,87,1,0.2740046
1995,87,2,0.2200497
1995,88,1,0.2740046
1995,88,2,0.2200497
1995,89,1,0.2740046
1995,89,2,0.2200497
1995,90,1,0.2740046
1995,90,2,0.2200497
1995,91,1,0.2740046
1995,91,2,0.2200497
1995,92,1,0.2740046
1995,92,2,0.2200497
1995,93,1,0.2740046
1995,93,2,0.2200497
1995,94,1,0.2740046
1995,94,2,0.2200497
1995,95,1,0.2740046
1995,95,2,0.2200497
1995,96,1,0.2740046
1995,96,2,0.2200497
1995,97,1,0.2740046
1995,97,2,0.2200497
1995,98,1,0.2740046
1995,98,2,0.2200497
1995,99,1,0.2740046
1995,99,2,0.2200497
1995,100,1,0.2740046
1995,100,2,0.2200497
1995,101,1,0.2740046
1995,101,2,0.2200497
1995,102,1,0.2740046
1995,102,2,0.2200497
1995,103,1,0.2740046
1995,103,2,0.2200497
1996,1,1,0.000125
1996,1,2,6.13e-05
1996,2,1,0.000118
1996,2,2,5.92e-05
1996,3,1,0.000111
1996,3,2,5.72e-05
1996,4,1,0.000104
1996,4,2,5.52e-05
1996,5,1,9.72e-05
1996,5,2,5.32e-05
1996,6,1,0.000101
1996,6,2,5.79e-05
1996,7,1,0.000104
1996,7,2,6.26e-05
1996,8,1,0.000108
1996,8,2,6.74e-05
1996,9,1,0.000112
1996,9,2,7.21e-05
1996,10,1,0.000115
1996,10,2,7.68e-05
1996,11,1,0.000129
1996,11,2,8.81e-05
1996,12,1,0.000142
1996,12,2,9.93e-05
1996,13,1,0.000155
1996,13,2,0.000111
1996,14,1,0.000168
1996,14,2,0.000122
1996,15,1,0.000182
1996,15,2,0.000133
1996,16,1,0.000208
1996,16,2,0.000156
1996,17,1,0.000234
1996,17,2,0.000179
1996,18,1,0.00026
1996,18,2,0.000203
1996,19,1,0.000286
1996,19,2,0.000226
1996,20,1,0.000311
1996,20,2,0.000249
1996,21,1,0.00035
1996,21,2,0.000284
1996,22,1,0.000389
1996,22,2,0.000319
1996,23,1,0.000427
1996,23,2,0.000355
1996,24,1,0.000466
1996,24,2,0.00039
1996,25,1,0.000504
1996,25,2,0.000425
1996,26,1,0.000708
1996,26,2,0.000613
1996,27,1,0.000911
1996,27,2,0.000801
1996,28,1,0.00111438
1996,28,2,0.000988
1996,29,1,0.00131777
1996,29,2,0.00117628
1996,30,1,0.00152116
1996,30,2,0.0013641
1996,31,1,0.00188938
1996,31,2,0.00170452
1996,32,1,0.00225759
1996,32,2,0.00204494
1996,33,1,0.00262581
1996,33,2,0.00238536
1996,34,1,0.00299402
1996,34,2,0.00272578
1996,35,1,0.00336224
1996,35,2,0.0030662
1996,36,1,0.00420251
1996,36,2,0.00386868
1996,37,1,0.00504278
1996,37,2,0.00467116
1996,38,1,0.00588304
1996,38,2,0.00547364
1996,39,1,0.00672331
1996,39,2,0.00627612
1996,40,1,0.00756358
1996,40,2,0.0070786
1996,41,1,0.00887593
1996,41,2,0.00834318
1996,42,1,0.01018828
1996,42,2,0.00960776
1996,43,1,0.01150062
1996,43,2,0.01087234
1996,44,1,0.01281297
1996,44,2,0.01213692
1996,45,1,0.01412532
1996,45,2,0.0134015
1996,46,1,0.01581737
1996,46,2,0.01490032
1996,47,1,0.01750942
1996,47,2,0.01639914
1996,48,1,0.01920148
1996,48,2,0.01789796
1996,49,1,0.02089353
1996,49,2,0.01939678
1996,50,1,0.02258558
1996,50,2,0.0208956
1996,51,1,0.02465732
1996,51,2,0.02262866
1996,52,1,0.02672906
1996,52,2,0.02436172
1996,53,1,0.0288008
1996,53,2,0.02609478
1996,54,1,0.03087254
1996,54,2,0.02782784
1996,55,1,0.03294428
1996,55,2,0.0295609
1996,56,1,0.03557422
1996,56,2,0.0318241
1996,57,1,0.03820416
1996,57,2,0.0340873
1996,58,1,0.0408341
1996,58,2,0.0363505
1996,59,1,0.04346404
1996,59,2,0.0386137
1996,60,1,0.04609398
1996,60,2,0.0408769
1996,61,1,0.04928211
1996,61,2,0.04367026
1996,62,1,0.05247024
1996,62,2,0.04646362
1996,63,1,0.05565836
1996,63,2,0.04925698
1996,64,1,0.05884649
1996,64,2,0.05205034
1996,65,1,0.06203462
1996,65,2,0.0548437
1996,66,1,0.06841501
1996,66,2,0.0601442
1996,67,1,0.0747954
1996,67,2,0.0654447
1996,68,1,0.0811758
1996,68,2,0.0707452
1996,69,1,0.08755619
1996,69,2,0.0760457
1996,70,1,0.09393658
1996,70,2,0.0813462
1996,71,1,0.10350931
1996,71,2,0.08915396
1996,72,1,0.11308204
1996,72,2,0.09696172
1996,73,1,0.12265478
1996,73,2,0.10476948
1996,74,1,0.13222751
1996,74,2,0.11257724
1996,75,1,0.14180024
1996,75,2,0.120385
1996,76,1,0.16816824
1996,76,2,0.14031794
1996,77,1,0.19453625
1996,77,2,0.16025088
1996,78,1,0.22090425
1996,78,2,0.18018382
1996,79,1,0.24727226
1996,79,2,0.20011676
1996,80,1,0.27364026
1996,80,2,0.2200497
1996,81,1,0.27364026
1996,81,2,0.2200497
1996,82,1,0.27364026
1996,82,2,0.2200497
1996,83,1,0.27364026
1996,83,2,0.2200497
1996,84,1,0.27364026
1996,84,2,0.2200497
1996,85,1,0.27364026
1996,85,2,0.2200497
1996,86,1,0.27364026
1996,86,2,0.2200497
1996,87,1,0.27364026
1996,87,2,0.2200497
1996,88,1,0.27364026
1996,88,2,0.2200497
1996,89,1,0.27364026
1996,89,2,0.2200497
1996,90,1,0.27364026
1996,90,2,0.2200497
1996,91,1,0.27364026
1996,91,2,0.2200497
1996,92,1,0.27364026
1996,92,2,0.2200497
1996,93,1,0.27364026
1996,93,2,0.2200497
1996,94,1,0.27364026
1996,94,2,0.2200497
1996,95,1,0.27364026
1996,95,2,0.2200497
1996,96,1,0.27364026
1996,96,2,0.2200497
1996,97,1,0.27364026
1996,97,2,0.2200497
1996,98,1,0.27364026
1996,98,2,0.2200497
1996,99,1,0.27364026
1996,99,2,0.2200497
1996,100,1,0.27364026
1996,100,2,0.2200497
1996,101,1,0.27364026
1996,101,2,0.2200497
1996,102,1,0.27364026
1996,102,2,0.2200497
1996,103,1,0.27364026
1996,103,2,0.2200497
1997,1,1,0.000123
1997,1,2,6.13e-05
1997,2,1,0.000117
1997,2,2,5.92e-05
1997,3,1,0.00011
1997,3,2,5.72e-05
1997,4,1,0.000104
1997,4,2,5.52e-05
1997,5,1,9.69e-05
1997,5,2,5.32e-05
1997,6,1,0.000101
1997,6,2,5.79e-05
1997,7,1,0.000104
1997,7,2,6.26e-05
1997,8,1,0.000108
1997,8,2,6.74e-05
1997,9,1,0.000112
1997,9,2,7.21e-05
1997,10,1,0.000115
1997,10,2,7.68e-05
1997,11,1,0.000129
1997,11,2,8.81e-05
1997,12,1,0.000142
1997,12,2,9.93e-05
1997,13,1,0.000155
1997,13,2,0.000111
1997,14,1,0.000169
1997,14,2,0.000122
1997,15,1,0.000182
1997,15,2,0.000133
1997,16,1,0.000208
1997,16,2,0.000156
1997,17,1,0.000234
1997,17,2,0.000179
1997,18,1,0.000259
1997,18,2,0.000203
1997,19,1,0.000285
1997,19,2,0.000226
1997,20,1,0.000311
1997,20,2,0.000249
1997,21,1,0.00035
1997,21,2,0.000284
1997,22,1,0.000388
1997,22,2,0.000319
1997,23,1,0.000426
1997,23,2,0.000355
1997,24,1,0.000465
1997,24,2,0.00039
1997,25,1,0.000503
1997,25,2,0.000425
1997,26,1,0.000706
1997,26,2,0.000613
1997,27,1,0.000908
1997,27,2,0.000801
1997,28,1,0.00111047
1997,28,2,0.000988
1997,29,1,0.0013129
1997,29,2,0.00117628
1997,30,1,0.00151532
1997,30,2,0.0013641
1997,31,1,0.00188175
1997,31,2,0.00170452
1997,32,1,0.00224818
1997,32,2,0.00204494
1997,33,1,0.00261462
1997,33,2,0.00238536
1997,34,1,0.00298105
1997,34,2,0.00272578
1997,35,1,0.00334748
1997,35,2,0.0030662
1997,36,1,0.00418874
1997,36,2,0.00386868
1997,37,1,0.00502999
1997,37,2,0.00467116
1997,38,1,0.00587125
1997,38,2,0.00547364
1997,39,1,0.0067125
1997,39,2,0.00627612
1997,40,1,0.00755376
1997,40,2,0.0070786
1997,41,1,0.00886986
1997,41,2,0.00834318
1997,42,1,0.01018595
1997,42,2,0.00960776
1997,43,1,0.01150205
1997,43,2,0.01087234
1997,44,1,0.01281814
1997,44,2,0.01213692
1997,45,1,0.01413424
1997,45,2,0.0134015
1997,46,1,0.01583536
1997,46,2,0.01490032
1997,47,1,0.01753649
1997,47,2,0.01639914
1997,48,1,0.01923761
1997,48,2,0.01789796
1997,49,1,0.02093874
1997,49,2,0.01939678
1997,50,1,0.02263986
1997,50,2,0.0208956
1997,51,1,0.024726
1997,51,2,0.02262866
1997,52,1,0.02681214
1997,52,2,0.02436172
1997,53,1,0.02889828
1997,53,2,0.02609478
1997,54,1,0.03098442
1997,54,2,0.02782784
1997,55,1,0.03307056
1997,55,2,0.0295609
1997,56,1,0.03571014
1997,56,2,0.0318241
1997,57,1,0.03834972
1997,57,2,0.0340873
1997,58,1,0.0409893
1997,58,2,0.0363505
1997,59,1,0.04362888
1997,59,2,0.0386137
1997,60,1,0.04626846
1997,60,2,0.0408769
1997,61,1,0.04946148
1997,61,2,0.04367026
1997,62,1,0.05265449
1997,62,2,0.04646362
1997,63,1,0.05584751
1997,63,2,0.04925698
1997,64,1,0.05904052
1997,64,2,0.05205034
1997,65,1,0.06223354
1997,65,2,0.0548437
1997,66,1,0.06857682
1997,66,2,0.0601442
1997,67,1,0.07492011
1997,67,2,0.0654447
1997,68,1,0.08126339
1997,68,2,0.0707452
1997,69,1,0.08760668
1997,69,2,0.0760457
1997,70,1,0.09394996
1997,70,2,0.0813462
1997,71,1,0.10344358
1997,71,2,0.08915396
1997,72,1,0.11293721
1997,72,2,0.09696172
1997,73,1,0.12243083
1997,73,2,0.10476948
1997,74,1,0.13192446
1997,74,2,0.11257724
1997,75,1,0.14141808
1997,75,2,0.120385
1997,76,1,0.16778965
1997,76,2,0.14031794
1997,77,1,0.19416122
1997,77,2,0.16025088
1997,78,1,0.22053278
1997,78,2,0.18018382
1997,79,1,0.24690435
1997,79,2,0.20011676
1997,80,1,0.27327592
1997,80,2,0.2200497
1997,81,1,0.27327592
1997,81,2,0.2200497
1997,82,1,0.27327592
1997,82,2,0.2200497
1997,83,1,0.27327592
1997,83,2,0.2200497
1997,84,1,0.27327592
1997,84,2,0.2200497
1997,85,1,0.27327592
1997,85,2,0.2200497
1997,86,1,0.27327592
1997,86,2,0.2200497
1997,87,1,0.27327592
1997,87,2,0.2200497
1997,88,1,0.27327592
1997,88,2,0.2200497
1997,89,1,0.27327592
1997,89,2,0.2200497
1997,90,1,0.27327592
1997,90,2,0.2200497
1997,91,1,0.27327592
1997,91,2,0.2200497
1997,92,1,0.27327592
1997,92,2,0.2200497
1997,93,1,0.27327592
1997,93,2,0.2200497
1997,94,1,0.27327592
1997,94,2,0.2200497
1997,95,1,0.27327592
1997,95,2,0.2200497
1997,96,1,0.27327592
1997,96,2,0.2200497
1997,97,1,0.27327592
1997,97,2,0.2200497
1997,98,1,0.27327592
1997,98,2,0.2200497
1997,99,1,0.27327592
1997,99,2,0.2200497
1997,100,1,0.27327592
1997,100,2,0.2200497
1997,101,1,0.27327592
1997,101,2,0.2200497
1997,102,1,0.27327592
1997,102,2,0.2200497
1997,103,1,0.27327592
1997,103,2,0.2200497
1998,1,1,0.000122
1998,1,2,6.13e-05
1998,2,1,0.000116
1998,2,2,5.92e-05
1998,3,1,0.000109
1998,3,2,5.72e-05
1998,4,1,0.000103
1998,4,2,5.52e-05
1998,5,1,9.66e-05
1998,5,2,5.32e-05
1998,6,1,1e-04
1998,6,2,5.79e-05
1998,7,1,0.000104
1998,7,2,6.26e-05
1998,8,1,0.000108
1998,8,2,6.74e-05
1998,9,1,0.000112
1998,9,2,7.21e-05
1998,10,1,0.000115
1998,10,2,7.68e-05
1998,11,1,0.000129
1998,11,2,8.81e-05
1998,12,1,0.000142
1998,12,2,9.93e-05
1998,13,1,0.000155
1998,13,2,0.000111
1998,14,1,0.000169
1998,14,2,0.000122
1998,15,1,0.000182
1998,15,2,0.000133
1998,16,1,0.000208
1998,16,2,0.000156
1998,17,1,0.000234
1998,17,2,0.000179
1998,18,1,0.000259
1998,18,2,0.000203
1998,19,1,0.000285
1998,19,2,0.000226
1998,20,1,0.000311
1998,20,2,0.000249
1998,21,1,0.000349
1998,21,2,0.000284
1998,22,1,0.000387
1998,22,2,0.000319
1998,23,1,0.000426
1998,23,2,0.000355
1998,24,1,0.000464
1998,24,2,0.00039
1998,25,1,0.000502
1998,25,2,0.000425
1998,26,1,0.000704
1998,26,2,0.000613
1998,27,1,0.000905
1998,27,2,0.000801
1998,28,1,0.00110657
1998,28,2,0.000988
1998,29,1,0.00130802
1998,29,2,0.00117628
1998,30,1,0.00150948
1998,30,2,0.0013641
1998,31,1,0.00187413
1998,31,2,0.00170452
1998,32,1,0.00223878
1998,32,2,0.00204494
1998,33,1,0.00260342
1998,33,2,0.00238536
1998,34,1,0.00296807
1998,34,2,0.00272578
1998,35,1,0.00333272
1998,35,2,0.0030662
1998,36,1,0.00417496
1998,36,2,0.00386868
1998,37,1,0.00501721
1998,37,2,0.00467116
1998,38,1,0.00585945
1998,38,2,0.00547364
1998,39,1,0.0067017
1998,39,2,0.00627612
1998,40,1,0.00754394
1998,40,2,0.0070786
1998,41,1,0.00886378
1998,41,2,0.00834318
1998,42,1,0.01018363
1998,42,2,0.00960776
1998,43,1,0.01150347
1998,43,2,0.01087234
1998,44,1,0.01282332
1998,44,2,0.01213692
1998,45,1,0.01414316
1998,45,2,0.0134015
1998,46,1,0.01585336
1998,46,2,0.01490032
1998,47,1,0.01756355
1998,47,2,0.01639914
1998,48,1,0.01927375
1998,48,2,0.01789796
1998,49,1,0.02098394
1998,49,2,0.01939678
1998,50,1,0.02269414
1998,50,2,0.0208956
1998,51,1,0.02479468
1998,51,2,0.02262866
1998,52,1,0.02689522
1998,52,2,0.02436172
1998,53,1,0.02899576
1998,53,2,0.02609478
1998,54,1,0.0310963
1998,54,2,0.02782784
1998,55,1,0.03319684
1998,55,2,0.0295609
1998,56,1,0.03584606
1998,56,2,0.0318241
1998,57,1,0.03849528
1998,57,2,0.0340873
1998,58,1,0.0411445
1998,58,2,0.0363505
1998,59,1,0.04379372
1998,59,2,0.0386137
1998,60,1,0.04644294
1998,60,2,0.0408769
1998,61,1,0.04964084
1998,61,2,0.04367026
1998,62,1,0.05283875
1998,62,2,0.04646362
1998,63,1,0.05603665
1998,63,2,0.04925698
1998,64,1,0.05923456
1998,64,2,0.05205034
1998,65,1,0.06243246
1998,65,2,0.0548437
1998,66,1,0.06873864
1998,66,2,0.0601442
1998,67,1,0.07504481
1998,67,2,0.0654447
1998,68,1,0.08135099
1998,68,2,0.0707452
1998,69,1,0.08765716
1998,69,2,0.0760457
1998,70,1,0.09396334
1998,70,2,0.0813462
1998,71,1,0.10337786
1998,71,2,0.08915396
1998,72,1,0.11279237
1998,72,2,0.09696172
1998,73,1,0.12220689
1998,73,2,0.10476948
1998,74,1,0.1316214
1998,74,2,0.11257724
1998,75,1,0.14103592
1998,75,2,0.120385
1998,76,1,0.16741105
1998,76,2,0.14031794
1998,77,1,0.19378618
1998,77,2,0.16025088
1998,78,1,0.22016132
1998,78,2,0.18018382
1998,79,1,0.24653645
1998,79,2,0.20011676
1998,80,1,0.27291158
1998,80,2,0.2200497
1998,81,1,0.27291158
1998,81,2,0.2200497
1998,82,1,0.27291158
1998,82,2,0.2200497
1998,83,1,0.27291158
1998,83,2,0.2200497
1998,84,1,0.27291158
1998,84,2,0.2200497
1998,85,1,0.27291158
1998,85,2,0.2200497
1998,86,1,0.27291158
1998,86,2,0.2200497
1998,87,1,0.27291158
1998,87,2,0.2200497
1998,88,1,0.27291158
1998,88,2,0.2200497
1998,89,1,0.27291158
1998,89,2,0.2200497
1998,90,1,0.27291158
1998,90,2,0.2200497
1998,91,1,0.27291158
1998,91,2,0.2200497
1998,92,1,0.27291158
1998,92,2,0.2200497
1998,93,1,0.27291158
1998,93,2,0.2200497
1998,94,1,0.27291158
1998,94,2,0.2200497
1998,95,1,0.27291158
1998,95,2,0.2200497
1998,96,1,0.27291158
1998,96,2,0.2200497
1998,97,1,0.27291158
1998,97,2,0.2200497
1998,98,1,0.27291158
1998,98,2,0.2200497
1998,99,1,0.27291158
1998,99,2,0.2200497
1998,100,1,0.27291158
1998,100,2,0.2200497
1998,101,1,0.27291158
1998,101,2,0.2200497
1998,102,1,0.27291158
1998,102,2,0.2200497
1998,103,1,0.27291158
1998,103,2,0.2200497
1999,1,1,0.000121
1999,1,2,6.13e-05
1999,2,1,0.000115
1999,2,2,5.92e-05
1999,3,1,0.000109
1999,3,2,5.72e-05
1999,4,1,0.000103
1999,4,2,5.52e-05
1999,5,1,9.62e-05
1999,5,2,5.32e-05
1999,6,1,1e-04
1999,6,2,5.79e-05
1999,7,1,0.000104
1999,7,2,6.26e-05
1999,8,1,0.000108
1999,8,2,6.74e-05
1999,9,1,0.000112
1999,9,2,7.21e-05
1999,10,1,0.000116
1999,10,2,7.68e-05
1999,11,1,0.000129
1999,11,2,8.81e-05
1999,12,1,0.000142
1999,12,2,9.93e-05
1999,13,1,0.000155
1999,13,2,0.000111
1999,14,1,0.000169
1999,14,2,0.000122
1999,15,1,0.000182
1999,15,2,0.000133
1999,16,1,0.000208
1999,16,2,0.000156
1999,17,1,0.000234
1999,17,2,0.000179
1999,18,1,0.000259
1999,18,2,0.000203
1999,19,1,0.000285
1999,19,2,0.000226
1999,20,1,0.000311
1999,20,2,0.000249
1999,21,1,0.000349
1999,21,2,0.000284
1999,22,1,0.000387
1999,22,2,0.000319
1999,23,1,0.000425
1999,23,2,0.000355
1999,24,1,0.000463
1999,24,2,0.00039
1999,25,1,0.000501
1999,25,2,0.000425
1999,26,1,0.000702
1999,26,2,0.000613
1999,27,1,0.000902
1999,27,2,0.000801
1999,28,1,0.00110266
1999,28,2,0.000988
1999,29,1,0.00130315
1999,29,2,0.00117628
1999,30,1,0.00150364
1999,30,2,0.0013641
1999,31,1,0.0018665
1999,31,2,0.00170452
1999,32,1,0.00222937
1999,32,2,0.00204494
1999,33,1,0.00259223
1999,33,2,0.00238536
1999,34,1,0.0029551
1999,34,2,0.00272578
1999,35,1,0.00331796
1999,35,2,0.0030662
1999,36,1,0.00416119
1999,36,2,0.00386868
1999,37,1,0.00500442
1999,37,2,0.00467116
1999,38,1,0.00584766
1999,38,2,0.00547364
1999,39,1,0.00669089
1999,39,2,0.00627612
1999,40,1,0.00753412
1999,40,2,0.0070786
1999,41,1,0.00885771
1999,41,2,0.00834318
1999,42,1,0.0101813
1999,42,2,0.00960776
1999,43,1,0.0115049
1999,43,2,0.01087234
1999,44,1,0.01282849
1999,44,2,0.01213692
1999,45,1,0.01415208
1999,45,2,0.0134015
1999,46,1,0.01587135
1999,46,2,0.01490032
1999,47,1,0.01759062
1999,47,2,0.01639914
1999,48,1,0.01930988
1999,48,2,0.01789796
1999,49,1,0.02102915
1999,49,2,0.01939678
1999,50,1,0.02274842
1999,50,2,0.0208956
1999,51,1,0.02486336
1999,51,2,0.02262866
1999,52,1,0.0269783
1999,52,2,0.02436172
1999,53,1,0.02909324
1999,53,2,0.02609478
1999,54,1,0.03120818
1999,54,2,0.02782784
1999,55,1,0.03332312
1999,55,2,0.0295609
1999,56,1,0.03598198
1999,56,2,0.0318241
1999,57,1,0.03864084
1999,57,2,0.0340873
1999,58,1,0.0412997
1999,58,2,0.0363505
1999,59,1,0.04395856
1999,59,2,0.0386137
1999,60,1,0.04661742
1999,60,2,0.0408769
1999,61,1,0.04982021
1999,61,2,0.04367026
1999,62,1,0.053023
1999,62,2,0.04646362
1999,63,1,0.0562258
1999,63,2,0.04925698
1999,64,1,0.05942859
1999,64,2,0.05205034
1999,65,1,0.06263138
1999,65,2,0.0548437
1999,66,1,0.06890045
1999,66,2,0.0601442
1999,67,1,0.07516952
1999,67,2,0.0654447
1999,68,1,0.08143858
1999,68,2,0.0707452
1999,69,1,0.08770765
1999,69,2,0.0760457
1999,70,1,0.09397672
1999,70,2,0.0813462
1999,71,1,0.10331213
1999,71,2,0.08915396
1999,72,1,0.11264754
1999,72,2,0.09696172
1999,73,1,0.12198294
1999,73,2,0.10476948
1999,74,1,0.13131835
1999,74,2,0.11257724
1999,75,1,0.14065376
1999,75,2,0.120385
1999,76,1,0.16703246
1999,76,2,0.14031794
1999,77,1,0.19341115
1999,77,2,0.16025088
1999,78,1,0.21978985
1999,78,2,0.18018382
1999,79,1,0.24616854
1999,79,2,0.20011676
1999,80,1,0.27254724
1999,80,2,0.2200497
1999,81,1,0.27254724
1999,81,2,0.2200497
1999,82,1,0.27254724
1999,82,2,0.2200497
1999,83,1,0.27254724
1999,83,2,0.2200497
1999,84,1,0.27254724
1999,84,2,0.2200497
1999,85,1,0.27254724
1999,85,2,0.2200497
1999,86,1,0.27254724
1999,86,2,0.2200497
1999,87,1,0.27254724
1999,87,2,0.2200497
1999,88,1,0.27254724
1999,88,2,0.2200497
1999,89,1,0.27254724
1999,89,2,0.2200497
1999,90,1,0.27254724
1999,90,2,0.2200497
1999,91,1,0.27254724
1999,91,2,0.2200497
1999,92,1,0.27254724
1999,92,2,0.2200497
1999,93,1,0.27254724
1999,93,2,0.2200497
1999,94,1,0.27254724
1999,94,2,0.2200497
1999,95,1,0.27254724
1999,95,2,0.2200497
1999,96,1,0.27254724
1999,96,2,0.2200497
1999,97,1,0.27254724
1999,97,2,0.2200497
1999,98,1,0.27254724
1999,98,2,0.2200497
1999,99,1,0.27254724
1999,99,2,0.2200497
1999,100,1,0.27254724
1999,100,2,0.2200497
1999,101,1,0.27254724
1999,101,2,0.2200497
1999,102,1,0.27254724
1999,102,2,0.2200497
1999,103,1,0.27254724
1999,103,2,0.2200497
2000,1,1,0.00012
2000,1,2,6.13e-05
2000,2,1,0.000114
2000,2,2,5.92e-05
2000,3,1,0.000108
2000,3,2,5.72e-05
2000,4,1,0.000102
2000,4,2,5.52e-05
2000,5,1,9.59e-05
2000,5,2,5.32e-05
2000,6,1,9.98e-05
2000,6,2,5.79e-05
2000,7,1,0.000104
2000,7,2,6.26e-05
2000,8,1,0.000108
2000,8,2,6.74e-05
2000,9,1,0.000112
2000,9,2,7.21e-05
2000,10,1,0.000116
2000,10,2,7.68e-05
2000,11,1,0.000129
2000,11,2,8.81e-05
2000,12,1,0.000142
2000,12,2,9.93e-05
2000,13,1,0.000156
2000,13,2,0.000111
2000,14,1,0.000169
2000,14,2,0.000122
2000,15,1,0.000182
2000,15,2,0.000133
2000,16,1,0.000208
2000,16,2,0.000156
2000,17,1,0.000233
2000,17,2,0.000179
2000,18,1,0.000259
2000,18,2,0.000203
2000,19,1,0.000285
2000,19,2,0.000226
2000,20,1,0.00031
2000,20,2,0.000249
2000,21,1,0.000348
2000,21,2,0.000284
2000,22,1,0.000386
2000,22,2,0.000319
2000,23,1,0.000424
2000,23,2,0.000355
2000,24,1,0.000462
2000,24,2,0.00039
2000,25,1,5e-04
2000,25,2,0.000425
2000,26,1,7e-04
2000,26,2,0.000613
2000,27,1,0.000899
2000,27,2,0.000801
2000,28,1,0.00109876
2000,28,2,0.000988
2000,29,1,0.00129828
2000,29,2,0.00117628
2000,30,1,0.0014978
2000,30,2,0.0013641
2000,31,1,0.00185888
2000,31,2,0.00170452
2000,32,1,0.00221996
2000,32,2,0.00204494
2000,33,1,0.00258104
2000,33,2,0.00238536
2000,34,1,0.00294212
2000,34,2,0.00272578
2000,35,1,0.0033032
2000,35,2,0.0030662
2000,36,1,0.00414742
2000,36,2,0.00386868
2000,37,1,0.00499164
2000,37,2,0.00467116
2000,38,1,0.00583586
2000,38,2,0.00547364
2000,39,1,0.00668008
2000,39,2,0.00627612
2000,40,1,0.0075243
2000,40,2,0.0070786
2000,41,1,0.00885164
2000,41,2,0.00834318
2000,42,1,0.01017898
2000,42,2,0.00960776
2000,43,1,0.01150632
2000,43,2,0.01087234
2000,44,1,0.01283366
2000,44,2,0.01213692
2000,45,1,0.014161
2000,45,2,0.0134015
2000,46,1,0.01588934
2000,46,2,0.01490032
2000,47,1,0.01761768
2000,47,2,0.01639914
2000,48,1,0.01934602
2000,48,2,0.01789796
2000,49,1,0.02107436
2000,49,2,0.01939678
2000,50,1,0.0228027
2000,50,2,0.0208956
2000,51,1,0.02493204
2000,51,2,0.02262866
2000,52,1,0.02706138
2000,52,2,0.02436172
2000,53,1,0.02919072
2000,53,2,0.02609478
2000,54,1,0.03132006
2000,54,2,0.02782784
2000,55,1,0.0334494
2000,55,2,0.0295609
2000,56,1,0.0361179
2000,56,2,0.0318241
2000,57,1,0.0387864
2000,57,2,0.0340873
2000,58,1,0.0414549
2000,58,2,0.0363505
2000,59,1,0.0441234
2000,59,2,0.0386137
2000,60,1,0.0467919
2000,60,2,0.0408769
2000,61,1,0.04999958
2000,61,2,0.04367026
2000,62,1,0.05320726
2000,62,2,0.04646362
2000,63,1,0.05641494
2000,63,2,0.04925698
2000,64,1,0.05962262
2000,64,2,0.05205034
2000,65,1,0.0628303
2000,65,2,0.0548437
2000,66,1,0.06906226
2000,66,2,0.0601442
2000,67,1,0.07529422
2000,67,2,0.0654447
2000,68,1,0.08152618
2000,68,2,0.0707452
2000,69,1,0.08775814
2000,69,2,0.0760457
2000,70,1,0.0939901
2000,70,2,0.0813462
2000,71,1,0.1032464
2000,71,2,0.08915396
2000,72,1,0.1125027
2000,72,2,0.09696172
2000,73,1,0.121759
2000,73,2,0.10476948
2000,74,1,0.1310153
2000,74,2,0.11257724
2000,75,1,0.1402716
2000,75,2,0.120385
2000,76,1,0.16665386
2000,76,2,0.14031794
2000,77,1,0.19303612
2000,77,2,0.16025088
2000,78,1,0.21941838
2000,78,2,0.18018382
2000,79,1,0.24580064
2000,79,2,0.20011676
2000,80,1,0.2721829
2000,80,2,0.2200497
2000,81,1,0.2721829
2000,81,2,0.2200497
2000,82,1,0.2721829
2000,82,2,0.2200497
2000,83,1,0.2721829
2000,83,2,0.2200497
2000,84,1,0.2721829
2000,84,2,0.2200497
2000,85,1,0.2721829
2000,85,2,0.2200497
2000,86,1,0.2721829
2000,86,2,0.2200497
2000,87,1,0.2721829
2000,87,2,0.2200497
2000,88,1,0.2721829
2000,88,2,0.2200497
2000,89,1,0.2721829
2000,89,2,0.2200497
2000,90,1,0.2721829
2000,90,2,0.2200497
2000,91,1,0.2721829
2000,91,2,0.2200497
2000,92,1,0.2721829
2000,92,2,0.2200497
2000,93,1,0.2721829
2000,93,2,0.2200497
2000,94,1,0.2721829
2000,94,2,0.2200497
2000,95,1,0.2721829
2000,95,2,0.2200497
2000,96,1,0.2721829
2000,96,2,0.2200497
2000,97,1,0.2721829
2000,97,2,0.2200497
2000,98,1,0.2721829
2000,98,2,0.2200497
2000,99,1,0.2721829
2000,99,2,0.2200497
2000,100,1,0.2721829
2000,100,2,0.2200497
2000,101,1,0.2721829
2000,101,2,0.2200497
2000,102,1,0.2721829
2000,102,2,0.2200497
2000,103,1,0.2721829
2000,103,2,0.2200497
2001,1,1,0.00012
2001,1,2,6.18e-05
2001,2,1,0.000114
2001,2,2,5.97e-05
2001,3,1,0.000108
2001,3,2,5.76e-05
2001,4,1,0.000102
2001,4,2,5.55e-05
2001,5,1,9.59e-05
2001,5,2,5.35e-05
2001,6,1,9.98e-05
2001,6,2,5.81e-05
2001,7,1,0.000104
2001,7,2,6.28e-05
2001,8,1,0.000108
2001,8,2,6.75e-05
2001,9,1,0.000112
2001,9,2,7.22e-05
2001,10,1,0.000116
2001,10,2,7.69e-05
2001,11,1,0.000129
2001,11,2,8.81e-05
2001,12,1,0.000142
2001,12,2,9.93e-05
2001,13,1,0.000156
2001,13,2,0.00011
2001,14,1,0.000169
2001,14,2,0.000122
2001,15,1,0.000182
2001,15,2,0.000133
2001,16,1,0.000208
2001,16,2,0.000156
2001,17,1,0.000233
2001,17,2,0.000179
2001,18,1,0.000259
2001,18,2,0.000203
2001,19,1,0.000285
2001,19,2,0.000226
2001,20,1,0.00031
2001,20,2,0.000249
2001,21,1,0.000348
2001,21,2,0.000284
2001,22,1,0.000386
2001,22,2,0.000319
2001,23,1,0.000424
2001,23,2,0.000355
2001,24,1,0.000462
2001,24,2,0.00039
2001,25,1,5e-04
2001,25,2,0.000425
2001,26,1,7e-04
2001,26,2,0.000613
2001,27,1,0.000899
2001,27,2,0.000801
2001,28,1,0.00109876
2001,28,2,0.000989
2001,29,1,0.00129828
2001,29,2,0.00117665
2001,30,1,0.0014978
2001,30,2,0.00136454
2001,31,1,0.00185888
2001,31,2,0.00170506
2001,32,1,0.00221996
2001,32,2,0.00204559
2001,33,1,0.00258104
2001,33,2,0.00238611
2001,34,1,0.00294212
2001,34,2,0.00272664
2001,35,1,0.0033032
2001,35,2,0.00306716
2001,36,1,0.00414742
2001,36,2,0.00386935
2001,37,1,0.00499164
2001,37,2,0.00467154
2001,38,1,0.00583586
2001,38,2,0.00547374
2001,39,1,0.00668008
2001,39,2,0.00627593
2001,40,1,0.0075243
2001,40,2,0.00707812
2001,41,1,0.00885164
2001,41,2,0.00834201
2001,42,1,0.01017898
2001,42,2,0.0096059
2001,43,1,0.01150632
2001,43,2,0.0108698
2001,44,1,0.01283366
2001,44,2,0.01213369
2001,45,1,0.014161
2001,45,2,0.01339758
2001,46,1,0.01588934
2001,46,2,0.01490038
2001,47,1,0.01761768
2001,47,2,0.01640319
2001,48,1,0.01934602
2001,48,2,0.01790599
2001,49,1,0.02107436
2001,49,2,0.0194088
2001,50,1,0.0228027
2001,50,2,0.0209116
2001,51,1,0.02493204
2001,51,2,0.02265331
2001,52,1,0.02706138
2001,52,2,0.02439502
2001,53,1,0.02919072
2001,53,2,0.02613674
2001,54,1,0.03132006
2001,54,2,0.02787845
2001,55,1,0.0334494
2001,55,2,0.02962016
2001,56,1,0.0361179
2001,56,2,0.03188591
2001,57,1,0.0387864
2001,57,2,0.03415166
2001,58,1,0.0414549
2001,58,2,0.03641742
2001,59,1,0.0441234
2001,59,2,0.03868317
2001,60,1,0.0467919
2001,60,2,0.04094892
2001,61,1,0.04999958
2001,61,2,0.04373873
2001,62,1,0.05320726
2001,62,2,0.04652854
2001,63,1,0.05641494
2001,63,2,0.04931836
2001,64,1,0.05962262
2001,64,2,0.05210817
2001,65,1,0.0628303
2001,65,2,0.05489798
2001,66,1,0.06906226
2001,66,2,0.06021076
2001,67,1,0.07529422
2001,67,2,0.06552354
2001,68,1,0.08152618
2001,68,2,0.07083632
2001,69,1,0.08775814
2001,69,2,0.0761491
2001,70,1,0.0939901
2001,70,2,0.08146188
2001,71,1,0.1032464
2001,71,2,0.08929774
2001,72,1,0.1125027
2001,72,2,0.09713361
2001,73,1,0.121759
2001,73,2,0.10496947
2001,74,1,0.1310153
2001,74,2,0.11280534
2001,75,1,0.1402716
2001,75,2,0.1206412
2001,76,1,0.16665386
2001,76,2,0.14050288
2001,77,1,0.19303612
2001,77,2,0.16036457
2001,78,1,0.21941838
2001,78,2,0.18022625
2001,79,1,0.24580064
2001,79,2,0.20008794
2001,80,1,0.2721829
2001,80,2,0.21994962
2001,81,1,0.2721829
2001,81,2,0.21994962
2001,82,1,0.2721829
2001,82,2,0.21994962
2001,83,1,0.2721829
2001,83,2,0.21994962
2001,84,1,0.2721829
2001,84,2,0.21994962
2001,85,1,0.2721829
2001,85,2,0.21994962
2001,86,1,0.2721829
2001,86,2,0.21994962
2001,87,1,0.2721829
2001,87,2,0.21994962
2001,88,1,0.2721829
2001,88,2,0.21994962
2001,89,1,0.2721829
2001,89,2,0.21994962
2001,90,1,0.2721829
2001,90,2,0.21994962
2001,91,1,0.2721829
2001,91,2,0.21994962
2001,92,1,0.2721829
2001,92,2,0.21994962
2001,93,1,0.2721829
2001,93,2,0.21994962
2001,94,1,0.2721829
2001,94,2,0.21994962
2001,95,1,0.2721829
2001,95,2,0.21994962
2001,96,1,0.2721829
2001,96,2,0.21994962
2001,97,1,0.2721829
2001,97,2,0.21994962
2001,98,1,0.2721829
2001,98,2,0.21994962
2001,99,1,0.2721829
2001,99,2,0.21994962
2001,100,1,0.2721829
2001,100,2,0.21994962
2001,101,1,0.2721829
2001,101,2,0.21994962
2001,102,1,0.2721829
2001,102,2,0.21994962
2001,103,1,0.2721829
2001,103,2,0.21994962
2002,1,1,0.00012
2002,1,2,6.23e-05
2002,2,1,0.000114
2002,2,2,6.02e-05
2002,3,1,0.000108
2002,3,2,5.8e-05
2002,4,1,0.000102
2002,4,2,5.59e-05
2002,5,1,9.59e-05
2002,5,2,5.37e-05
2002,6,1,9.98e-05
2002,6,2,5.83e-05
2002,7,1,0.000104
2002,7,2,6.3e-05
2002,8,1,0.000108
2002,8,2,6.76e-05
2002,9,1,0.000112
2002,9,2,7.23e-05
2002,10,1,0.000116
2002,10,2,7.69e-05
2002,11,1,0.000129
2002,11,2,8.81e-05
2002,12,1,0.000142
2002,12,2,9.93e-05
2002,13,1,0.000156
2002,13,2,0.00011
2002,14,1,0.000169
2002,14,2,0.000122
2002,15,1,0.000182
2002,15,2,0.000133
2002,16,1,0.000208
2002,16,2,0.000156
2002,17,1,0.000233
2002,17,2,0.000179
2002,18,1,0.000259
2002,18,2,0.000202
2002,19,1,0.000285
2002,19,2,0.000226
2002,20,1,0.00031
2002,20,2,0.000249
2002,21,1,0.000348
2002,21,2,0.000284
2002,22,1,0.000386
2002,22,2,0.000319
2002,23,1,0.000424
2002,23,2,0.000355
2002,24,1,0.000462
2002,24,2,0.00039
2002,25,1,5e-04
2002,25,2,0.000425
2002,26,1,7e-04
2002,26,2,0.000613
2002,27,1,0.000899
2002,27,2,0.000801
2002,28,1,0.00109876
2002,28,2,0.000989
2002,29,1,0.00129828
2002,29,2,0.00117702
2002,30,1,0.0014978
2002,30,2,0.00136498
2002,31,1,0.00185888
2002,31,2,0.00170561
2002,32,1,0.00221996
2002,32,2,0.00204624
2002,33,1,0.00258104
2002,33,2,0.00238686
2002,34,1,0.00294212
2002,34,2,0.00272749
2002,35,1,0.0033032
2002,35,2,0.00306812
2002,36,1,0.00414742
2002,36,2,0.00387002
2002,37,1,0.00499164
2002,37,2,0.00467193
2002,38,1,0.00583586
2002,38,2,0.00547383
2002,39,1,0.00668008
2002,39,2,0.00627574
2002,40,1,0.0075243
2002,40,2,0.00707764
2002,41,1,0.00885164
2002,41,2,0.00834084
2002,42,1,0.01017898
2002,42,2,0.00960405
2002,43,1,0.01150632
2002,43,2,0.01086725
2002,44,1,0.01283366
2002,44,2,0.01213046
2002,45,1,0.014161
2002,45,2,0.01339366
2002,46,1,0.01588934
2002,46,2,0.01490045
2002,47,1,0.01761768
2002,47,2,0.01640724
2002,48,1,0.01934602
2002,48,2,0.01791402
2002,49,1,0.02107436
2002,49,2,0.01942081
2002,50,1,0.0228027
2002,50,2,0.0209276
2002,51,1,0.02493204
2002,51,2,0.02267796
2002,52,1,0.02706138
2002,52,2,0.02442833
2002,53,1,0.02919072
2002,53,2,0.02617869
2002,54,1,0.03132006
2002,54,2,0.02792906
2002,55,1,0.0334494
2002,55,2,0.02967942
2002,56,1,0.0361179
2002,56,2,0.03194772
2002,57,1,0.0387864
2002,57,2,0.03421603
2002,58,1,0.0414549
2002,58,2,0.03648433
2002,59,1,0.0441234
2002,59,2,0.03875264
2002,60,1,0.0467919
2002,60,2,0.04102094
2002,61,1,0.04999958
2002,61,2,0.0438072
2002,62,1,0.05320726
2002,62,2,0.04659347
2002,63,1,0.05641494
2002,63,2,0.04937973
2002,64,1,0.05962262
2002,64,2,0.052166
2002,65,1,0.0628303
2002,65,2,0.05495226
2002,66,1,0.06906226
2002,66,2,0.06027732
2002,67,1,0.07529422
2002,67,2,0.06560238
2002,68,1,0.08152618
2002,68,2,0.07092744
2002,69,1,0.08775814
2002,69,2,0.0762525
2002,70,1,0.0939901
2002,70,2,0.08157756
2002,71,1,0.1032464
2002,71,2,0.08944153
2002,72,1,0.1125027
2002,72,2,0.0973055
2002,73,1,0.121759
2002,73,2,0.10516946
2002,74,1,0.1310153
2002,74,2,0.11303343
2002,75,1,0.1402716
2002,75,2,0.1208974
2002,76,1,0.16665386
2002,76,2,0.14068783
2002,77,1,0.19303612
2002,77,2,0.16047826
2002,78,1,0.21941838
2002,78,2,0.18026868
2002,79,1,0.24580064
2002,79,2,0.20005911
2002,80,1,0.2721829
2002,80,2,0.21984954
2002,81,1,0.2721829
2002,81,2,0.21984954
2002,82,1,0.2721829
2002,82,2,0.21984954
2002,83,1,0.2721829
2002,83,2,0.21984954
2002,84,1,0.2721829
2002,84,2,0.21984954
2002,85,1,0.2721829
2002,85,2,0.21984954
2002,86,1,0.2721829
2002,86,2,0.21984954
2002,87,1,0.2721829
2002,87,2,0.21984954
2002,88,1,0.2721829
2002,88,2,0.21984954
2002,89,1,0.2721829
2002,89,2,0.21984954
2002,90,1,0.2721829
2002,90,2,0.21984954
2002,91,1,0.2721829
2002,91,2,0.21984954
2002,92,1,0.2721829
2002,92,2,0.21984954
2002,93,1,0.2721829
2002,93,2,0.21984954
2002,94,1,0.2721829
2002,94,2,0.21984954
2002,95,1,0.2721829
2002,95,2,0.21984954
2002,96,1,0.2721829
2002,96,2,0.21984954
2002,97,1,0.2721829
2002,97,2,0.21984954
2002,98,1,0.2721829
2002,98,2,0.21984954
2002,99,1,0.2721829
2002,99,2,0.21984954
2002,100,1,0.2721829
2002,100,2,0.21984954
2002,101,1,0.2721829
2002,101,2,0.21984954
2002,102,1,0.2721829
2002,102,2,0.21984954
2002,103,1,0.2721829
2002,103,2,0.21984954
2003,1,1,0.00012
2003,1,2,6.28e-05
2003,2,1,0.000114
2003,2,2,6.06e-05
2003,3,1,0.000108
2003,3,2,5.84e-05
2003,4,1,0.000102
2003,4,2,5.62e-05
2003,5,1,9.59e-05
2003,5,2,5.4e-05
2003,6,1,9.98e-05
2003,6,2,5.86e-05
2003,7,1,0.000104
2003,7,2,6.32e-05
2003,8,1,0.000108
2003,8,2,6.77e-05
2003,9,1,0.000112
2003,9,2,7.23e-05
2003,10,1,0.000116
2003,10,2,7.69e-05
2003,11,1,0.000129
2003,11,2,8.81e-05
2003,12,1,0.000142
2003,12,2,9.92e-05
2003,13,1,0.000156
2003,13,2,0.00011
2003,14,1,0.000169
2003,14,2,0.000122
2003,15,1,0.000182
2003,15,2,0.000133
2003,16,1,0.000208
2003,16,2,0.000156
2003,17,1,0.000233
2003,17,2,0.000179
2003,18,1,0.000259
2003,18,2,0.000202
2003,19,1,0.000285
2003,19,2,0.000226
2003,20,1,0.00031
2003,20,2,0.000249
2003,21,1,0.000348
2003,21,2,0.000284
2003,22,1,0.000386
2003,22,2,0.000319
2003,23,1,0.000424
2003,23,2,0.000355
2003,24,1,0.000462
2003,24,2,0.00039
2003,25,1,5e-04
2003,25,2,0.000425
2003,26,1,7e-04
2003,26,2,0.000613
2003,27,1,0.000899
2003,27,2,0.000801
2003,28,1,0.00109876
2003,28,2,0.000989
2003,29,1,0.00129828
2003,29,2,0.0011774
2003,30,1,0.0014978
2003,30,2,0.00136542
2003,31,1,0.00185888
2003,31,2,0.00170615
2003,32,1,0.00221996
2003,32,2,0.00204688
2003,33,1,0.00258104
2003,33,2,0.00238762
2003,34,1,0.00294212
2003,34,2,0.00272835
2003,35,1,0.0033032
2003,35,2,0.00306908
2003,36,1,0.00414742
2003,36,2,0.0038707
2003,37,1,0.00499164
2003,37,2,0.00467231
2003,38,1,0.00583586
2003,38,2,0.00547393
2003,39,1,0.00668008
2003,39,2,0.00627554
2003,40,1,0.0075243
2003,40,2,0.00707716
2003,41,1,0.00885164
2003,41,2,0.00833968
2003,42,1,0.01017898
2003,42,2,0.00960219
2003,43,1,0.01150632
2003,43,2,0.01086471
2003,44,1,0.01283366
2003,44,2,0.01212722
2003,45,1,0.014161
2003,45,2,0.01338974
2003,46,1,0.01588934
2003,46,2,0.01490051
2003,47,1,0.01761768
2003,47,2,0.01641128
2003,48,1,0.01934602
2003,48,2,0.01792206
2003,49,1,0.02107436
2003,49,2,0.01943283
2003,50,1,0.0228027
2003,50,2,0.0209436
2003,51,1,0.02493204
2003,51,2,0.02270262
2003,52,1,0.02706138
2003,52,2,0.02446163
2003,53,1,0.02919072
2003,53,2,0.02622065
2003,54,1,0.03132006
2003,54,2,0.02797966
2003,55,1,0.0334494
2003,55,2,0.02973868
2003,56,1,0.0361179
2003,56,2,0.03200954
2003,57,1,0.0387864
2003,57,2,0.03428039
2003,58,1,0.0414549
2003,58,2,0.03655125
2003,59,1,0.0441234
2003,59,2,0.0388221
2003,60,1,0.0467919
2003,60,2,0.04109296
2003,61,1,0.04999958
2003,61,2,0.04387568
2003,62,1,0.05320726
2003,62,2,0.04665839
2003,63,1,0.05641494
2003,63,2,0.04944111
2003,64,1,0.05962262
2003,64,2,0.05222382
2003,65,1,0.0628303
2003,65,2,0.05500654
2003,66,1,0.06906226
2003,66,2,0.06034388
2003,67,1,0.07529422
2003,67,2,0.06568122
2003,68,1,0.08152618
2003,68,2,0.07101856
2003,69,1,0.08775814
2003,69,2,0.0763559
2003,70,1,0.0939901
2003,70,2,0.08169324
2003,71,1,0.1032464
2003,71,2,0.08958531
2003,72,1,0.1125027
2003,72,2,0.09747738
2003,73,1,0.121759
2003,73,2,0.10536946
2003,74,1,0.1310153
2003,74,2,0.11326153
2003,75,1,0.1402716
2003,75,2,0.1211536
2003,76,1,0.16665386
2003,76,2,0.14087277
2003,77,1,0.19303612
2003,77,2,0.16059194
2003,78,1,0.21941838
2003,78,2,0.18031112
2003,79,1,0.24580064
2003,79,2,0.20003029
2003,80,1,0.2721829
2003,80,2,0.21974946
2003,81,1,0.2721829
2003,81,2,0.21974946
2003,82,1,0.2721829
2003,82,2,0.21974946
2003,83,1,0.2721829
2003,83,2,0.21974946
2003,84,1,0.2721829
2003,84,2,0.21974946
2003,85,1,0.2721829
2003,85,2,0.21974946
2003,86,1,0.2721829
2003,86,2,0.21974946
2003,87,1,0.2721829
2003,87,2,0.21974946
2003,88,1,0.2721829
2003,88,2,0.21974946
2003,89,1,0.2721829
2003,89,2,0.21974946
2003,90,1,0.2721829
2003,90,2,0.21974946
2003,91,1,0.2721829
2003,91,2,0.21974946
2003,92,1,0.2721829
2003,92,2,0.21974946
2003,93,1,0.2721829
2003,93,2,0.21974946
2003,94,1,0.2721829
2003,94,2,0.21974946
2003,95,1,0.2721829
2003,95,2,0.21974946
2003,96,1,0.2721829
2003,96,2,0.21974946
2003,97,1,0.2721829
2003,97,2,0.21974946
2003,98,1,0.2721829
2003,98,2,0.21974946
2003,99,1,0.2721829
2003,99,2,0.21974946
2003,100,1,0.2721829
2003,100,2,0.21974946
2003,101,1,0.2721829
2003,101,2,0.21974946
2003,102,1,0.2721829
2003,102,2,0.21974946
2003,103,1,0.2721829
2003,103,2,0.21974946
2004,1,1,0.00012
2004,1,2,6.34e-05
2004,2,1,0.000114
2004,2,2,6.11e-05
2004,3,1,0.000108
2004,3,2,5.88e-05
2004,4,1,0.000102
2004,4,2,5.65e-05
2004,5,1,9.59e-05
2004,5,2,5.42e-05
2004,6,1,9.98e-05
2004,6,2,5.88e-05
2004,7,1,0.000104
2004,7,2,6.33e-05
2004,8,1,0.000108
2004,8,2,6.79e-05
2004,9,1,0.000112
2004,9,2,7.24e-05
2004,10,1,0.000116
2004,10,2,7.7e-05
2004,11,1,0.000129
2004,11,2,8.81e-05
2004,12,1,0.000142
2004,12,2,9.92e-05
2004,13,1,0.000156
2004,13,2,0.00011
2004,14,1,0.000169
2004,14,2,0.000121
2004,15,1,0.000182
2004,15,2,0.000133
2004,16,1,0.000208
2004,16,2,0.000156
2004,17,1,0.000233
2004,17,2,0.000179
2004,18,1,0.000259
2004,18,2,0.000202
2004,19,1,0.000285
2004,19,2,0.000226
2004,20,1,0.00031
2004,20,2,0.000249
2004,21,1,0.000348
2004,21,2,0.000284
2004,22,1,0.000386
2004,22,2,0.000319
2004,23,1,0.000424
2004,23,2,0.000355
2004,24,1,0.000462
2004,24,2,0.00039
2004,25,1,5e-04
2004,25,2,0.000425
2004,26,1,7e-04
2004,26,2,0.000613
2004,27,1,0.000899
2004,27,2,0.000802
2004,28,1,0.00109876
2004,28,2,0.00099
2004,29,1,0.00129828
2004,29,2,0.00117777
2004,30,1,0.0014978
2004,30,2,0.00136586
2004,31,1,0.00185888
2004,31,2,0.0017067
2004,32,1,0.00221996
2004,32,2,0.00204753
2004,33,1,0.00258104
2004,33,2,0.00238837
2004,34,1,0.00294212
2004,34,2,0.0027292
2004,35,1,0.0033032
2004,35,2,0.00307004
2004,36,1,0.00414742
2004,36,2,0.00387137
2004,37,1,0.00499164
2004,37,2,0.0046727
2004,38,1,0.00583586
2004,38,2,0.00547402
2004,39,1,0.00668008
2004,39,2,0.00627535
2004,40,1,0.0075243
2004,40,2,0.00707668
2004,41,1,0.00885164
2004,41,2,0.00833851
2004,42,1,0.01017898
2004,42,2,0.00960034
2004,43,1,0.01150632
2004,43,2,0.01086216
2004,44,1,0.01283366
2004,44,2,0.01212399
2004,45,1,0.014161
2004,45,2,0.01338582
2004,46,1,0.01588934
2004,46,2,0.01490058
2004,47,1,0.01761768
2004,47,2,0.01641533
2004,48,1,0.01934602
2004,48,2,0.01793009
2004,49,1,0.02107436
2004,49,2,0.01944484
2004,50,1,0.0228027
2004,50,2,0.0209596
2004,51,1,0.02493204
2004,51,2,0.02272727
2004,52,1,0.02706138
2004,52,2,0.02449494
2004,53,1,0.02919072
2004,53,2,0.0262626
2004,54,1,0.03132006
2004,54,2,0.02803027
2004,55,1,0.0334494
2004,55,2,0.02979794
2004,56,1,0.0361179
2004,56,2,0.03207135
2004,57,1,0.0387864
2004,57,2,0.03434476
2004,58,1,0.0414549
2004,58,2,0.03661816
2004,59,1,0.0441234
2004,59,2,0.03889157
2004,60,1,0.0467919
2004,60,2,0.04116498
2004,61,1,0.04999958
2004,61,2,0.04394415
2004,62,1,0.05320726
2004,62,2,0.04672332
2004,63,1,0.05641494
2004,63,2,0.04950248
2004,64,1,0.05962262
2004,64,2,0.05228165
2004,65,1,0.0628303
2004,65,2,0.05506082
2004,66,1,0.06906226
2004,66,2,0.06041044
2004,67,1,0.07529422
2004,67,2,0.06576006
2004,68,1,0.08152618
2004,68,2,0.07110968
2004,69,1,0.08775814
2004,69,2,0.0764593
2004,70,1,0.0939901
2004,70,2,0.08180892
2004,71,1,0.1032464
2004,71,2,0.0897291
2004,72,1,0.1125027
2004,72,2,0.09764927
2004,73,1,0.121759
2004,73,2,0.10556945
2004,74,1,0.1310153
2004,74,2,0.11348962
2004,75,1,0.1402716
2004,75,2,0.1214098
2004,76,1,0.16665386
2004,76,2,0.14105772
2004,77,1,0.19303612
2004,77,2,0.16070563
2004,78,1,0.21941838
2004,78,2,0.18035355
2004,79,1,0.24580064
2004,79,2,0.20000146
2004,80,1,0.2721829
2004,80,2,0.21964938
2004,81,1,0.2721829
2004,81,2,0.21964938
2004,82,1,0.2721829
2004,82,2,0.21964938
2004,83,1,0.2721829
2004,83,2,0.21964938
2004,84,1,0.2721829
2004,84,2,0.21964938
2004,85,1,0.2721829
2004,85,2,0.21964938
2004,86,1,0.2721829
2004,86,2,0.21964938
2004,87,1,0.2721829
2004,87,2,0.21964938
2004,88,1,0.2721829
2004,88,2,0.21964938
2004,89,1,0.2721829
2004,89,2,0.21964938
2004,90,1,0.2721829
2004,90,2,0.21964938
2004,91,1,0.2721829
2004,91,2,0.21964938
2004,92,1,0.2721829
2004,92,2,0.21964938
2004,93,1,0.2721829
2004,93,2,0.21964938
2004,94,1,0.2721829
2004,94,2,0.21964938
2004,95,1,0.2721829
2004,95,2,0.21964938
2004,96,1,0.2721829
2004,96,2,0.21964938
2004,97,1,0.2721829
2004,97,2,0.21964938
2004,98,1,0.2721829
2004,98,2,0.21964938
2004,99,1,0.2721829
2004,99,2,0.21964938
2004,100,1,0.2721829
2004,100,2,0.21964938
2004,101,1,0.2721829
2004,101,2,0.21964938
2004,102,1,0.2721829
2004,102,2,0.21964938
2004,103,1,0.2721829
2004,103,2,0.21964938
2005,1,1,0.00012
2005,1,2,6.39e-05
2005,2,1,0.000114
2005,2,2,6.16e-05
2005,3,1,0.000108
2005,3,2,5.92e-05
2005,4,1,0.000102
2005,4,2,5.68e-05
2005,5,1,9.59e-05
2005,5,2,5.45e-05
2005,6,1,9.98e-05
2005,6,2,5.9e-05
2005,7,1,0.000104
2005,7,2,6.35e-05
2005,8,1,0.000108
2005,8,2,6.8e-05
2005,9,1,0.000112
2005,9,2,7.25e-05
2005,10,1,0.000116
2005,10,2,7.7e-05
2005,11,1,0.000129
2005,11,2,8.81e-05
2005,12,1,0.000142
2005,12,2,9.92e-05
2005,13,1,0.000156
2005,13,2,0.00011
2005,14,1,0.000169
2005,14,2,0.000121
2005,15,1,0.000182
2005,15,2,0.000133
2005,16,1,0.000208
2005,16,2,0.000156
2005,17,1,0.000233
2005,17,2,0.000179
2005,18,1,0.000259
2005,18,2,0.000202
2005,19,1,0.000285
2005,19,2,0.000225
2005,20,1,0.00031
2005,20,2,0.000249
2005,21,1,0.000348
2005,21,2,0.000284
2005,22,1,0.000386
2005,22,2,0.000319
2005,23,1,0.000424
2005,23,2,0.000355
2005,24,1,0.000462
2005,24,2,0.00039
2005,25,1,5e-04
2005,25,2,0.000426
2005,26,1,7e-04
2005,26,2,0.000614
2005,27,1,0.000899
2005,27,2,0.000802
2005,28,1,0.00109876
2005,28,2,0.00099
2005,29,1,0.00129828
2005,29,2,0.00117814
2005,30,1,0.0014978
2005,30,2,0.0013663
2005,31,1,0.00185888
2005,31,2,0.00170724
2005,32,1,0.00221996
2005,32,2,0.00204818
2005,33,1,0.00258104
2005,33,2,0.00238912
2005,34,1,0.00294212
2005,34,2,0.00273006
2005,35,1,0.0033032
2005,35,2,0.003071
2005,36,1,0.00414742
2005,36,2,0.00387204
2005,37,1,0.00499164
2005,37,2,0.00467308
2005,38,1,0.00583586
2005,38,2,0.00547412
2005,39,1,0.00668008
2005,39,2,0.00627516
2005,40,1,0.0075243
2005,40,2,0.0070762
2005,41,1,0.00885164
2005,41,2,0.00833734
2005,42,1,0.01017898
2005,42,2,0.00959848
2005,43,1,0.01150632
2005,43,2,0.01085962
2005,44,1,0.01283366
2005,44,2,0.01212076
2005,45,1,0.014161
2005,45,2,0.0133819
2005,46,1,0.01588934
2005,46,2,0.01490064
2005,47,1,0.01761768
2005,47,2,0.01641938
2005,48,1,0.01934602
2005,48,2,0.01793812
2005,49,1,0.02107436
2005,49,2,0.01945686
2005,50,1,0.0228027
2005,50,2,0.0209756
2005,51,1,0.02493204
2005,51,2,0.02275192
2005,52,1,0.02706138
2005,52,2,0.02452824
2005,53,1,0.02919072
2005,53,2,0.02630456
2005,54,1,0.03132006
2005,54,2,0.02808088
2005,55,1,0.0334494
2005,55,2,0.0298572
2005,56,1,0.0361179
2005,56,2,0.03213316
2005,57,1,0.0387864
2005,57,2,0.03440912
2005,58,1,0.0414549
2005,58,2,0.03668508
2005,59,1,0.0441234
2005,59,2,0.03896104
2005,60,1,0.0467919
2005,60,2,0.041237
2005,61,1,0.04999958
2005,61,2,0.04401262
2005,62,1,0.05320726
2005,62,2,0.04678824
2005,63,1,0.05641494
2005,63,2,0.04956386
2005,64,1,0.05962262
2005,64,2,0.05233948
2005,65,1,0.0628303
2005,65,2,0.0551151
2005,66,1,0.06906226
2005,66,2,0.060477
2005,67,1,0.07529422
2005,67,2,0.0658389
2005,68,1,0.08152618
2005,68,2,0.0712008
2005,69,1,0.08775814
2005,69,2,0.0765627
2005,70,1,0.0939901
2005,70,2,0.0819246
2005,71,1,0.1032464
2005,71,2,0.08987288
2005,72,1,0.1125027
2005,72,2,0.09782116
2005,73,1,0.121759
2005,73,2,0.10576944
2005,74,1,0.1310153
2005,74,2,0.11371772
2005,75,1,0.1402716
2005,75,2,0.121666
2005,76,1,0.16665386
2005,76,2,0.14124266
2005,77,1,0.19303612
2005,77,2,0.16081932
2005,78,1,0.21941838
2005,78,2,0.18039598
2005,79,1,0.24580064
2005,79,2,0.19997264
2005,80,1,0.2721829
2005,80,2,0.2195493
2005,81,1,0.2721829
2005,81,2,0.2195493
2005,82,1,0.2721829
2005,82,2,0.2195493
2005,83,1,0.2721829
2005,83,2,0.2195493
2005,84,1,0.2721829
2005,84,2,0.2195493
2005,85,1,0.2721829
2005,85,2,0.2195493
2005,86,1,0.2721829
2005,86,2,0.2195493
2005,87,1,0.2721829
2005,87,2,0.2195493
2005,88,1,0.2721829
2005,88,2,0.2195493
2005,89,1,0.2721829
2005,89,2,0.2195493
2005,90,1,0.2721829
2005,90,2,0.2195493
2005,91,1,0.2721829
2005,91,2,0.2195493
2005,92,1,0.2721829
2005,92,2,0.2195493
2005,93,1,0.2721829
2005,93,2,0.2195493
2005,94,1,0.2721829
2005,94,2,0.2195493
2005,95,1,0.2721829
2005,95,2,0.2195493
2005,96,1,0.2721829
2005,96,2,0.2195493
2005,97,1,0.2721829
2005,97,2,0.2195493
2005,98,1,0.2721829
2005,98,2,0.2195493
2005,99,1,0.2721829
2005,99,2,0.2195493
2005,100,1,0.2721829
2005,100,2,0.2195493
2005,101,1,0.2721829
2005,101,2,0.2195493
2005,102,1,0.2721829
2005,102,2,0.2195493
2005,103,1,0.2721829
2005,103,2,0.2195493
2006,1,1,0.00012
2006,1,2,6.39e-05
2006,2,1,0.000114
2006,2,2,6.16e-05
2006,3,1,0.000108
2006,3,2,5.92e-05
2006,4,1,0.000102
2006,4,2,5.68e-05
2006,5,1,9.59e-05
2006,5,2,5.45e-05
2006,6,1,9.98e-05
2006,6,2,5.9e-05
2006,7,1,0.000104
2006,7,2,6.35e-05
2006,8,1,0.000108
2006,8,2,6.8e-05
2006,9,1,0.000112
2006,9,2,7.25e-05
2006,10,1,0.000116
2006,10,2,7.7e-05
2006,11,1,0.000129
2006,11,2,8.81e-05
2006,12,1,0.000142
2006,12,2,9.92e-05
2006,13,1,0.000156
2006,13,2,0.00011
2006,14,1,0.000169
2006,14,2,0.000121
2006,15,1,0.000182
2006,15,2,0.000133
2006,16,1,0.000208
2006,16,2,0.000156
2006,17,1,0.000233
2006,17,2,0.000179
2006,18,1,0.000259
2006,18,2,0.000202
2006,19,1,0.000285
2006,19,2,0.000225
2006,20,1,0.00031
2006,20,2,0.000249
2006,21,1,0.000348
2006,21,2,0.000284
2006,22,1,0.000386
2006,22,2,0.000319
2006,23,1,0.000424
2006,23,2,0.000355
2006,24,1,0.000462
2006,24,2,0.00039
2006,25,1,5e-04
2006,25,2,0.000426
2006,26,1,7e-04
2006,26,2,0.000614
2006,27,1,0.000899
2006,27,2,0.000802
2006,28,1,0.00109876
2006,28,2,0.00099
2006,29,1,0.00129828
2006,29,2,0.00117814
2006,30,1,0.0014978
2006,30,2,0.0013663
2006,31,1,0.00185888
2006,31,2,0.00170724
2006,32,1,0.00221996
2006,32,2,0.00204818
2006,33,1,0.00258104
2006,33,2,0.00238912
2006,34,1,0.00294212
2006,34,2,0.00273006
2006,35,1,0.0033032
2006,35,2,0.003071
2006,36,1,0.00414742
2006,36,2,0.00387204
2006,37,1,0.00499164
2006,37,2,0.00467308
2006,38,1,0.00583586
2006,38,2,0.00547412
2006,39,1,0.00668008
2006,39,2,0.00627516
2006,40,1,0.0075243
2006,40,2,0.0070762
2006,41,1,0.00885164
2006,41,2,0.00833734
2006,42,1,0.01017898
2006,42,2,0.00959848
2006,43,1,0.01150632
2006,43,2,0.01085962
2006,44,1,0.01283366
2006,44,2,0.01212076
2006,45,1,0.014161
2006,45,2,0.0133819
2006,46,1,0.01588934
2006,46,2,0.01490064
2006,47,1,0.01761768
2006,47,2,0.01641938
2006,48,1,0.01934602
2006,48,2,0.01793812
2006,49,1,0.02107436
2006,49,2,0.01945686
2006,50,1,0.0228027
2006,50,2,0.0209756
2006,51,1,0.02493204
2006,51,2,0.02275192
2006,52,1,0.02706138
2006,52,2,0.02452824
2006,53,1,0.02919072
2006,53,2,0.02630456
2006,54,1,0.03132006
2006,54,2,0.02808088
2006,55,1,0.0334494
2006,55,2,0.0298572
2006,56,1,0.0361179
2006,56,2,0.03213316
2006,57,1,0.0387864
2006,57,2,0.03440912
2006,58,1,0.0414549
2006,58,2,0.03668508
2006,59,1,0.0441234
2006,59,2,0.03896104
2006,60,1,0.0467919
2006,60,2,0.041237
2006,61,1,0.04999958
2006,61,2,0.04401262
2006,62,1,0.05320726
2006,62,2,0.04678824
2006,63,1,0.05641494
2006,63,2,0.04956386
2006,64,1,0.05962262
2006,64,2,0.05233948
2006,65,1,0.0628303
2006,65,2,0.0551151
2006,66,1,0.06906226
2006,66,2,0.060477
2006,67,1,0.07529422
2006,67,2,0.0658389
2006,68,1,0.08152618
2006,68,2,0.0712008
2006,69,1,0.08775814
2006,69,2,0.0765627
2006,70,1,0.0939901
2006,70,2,0.0819246
2006,71,1,0.1032464
2006,71,2,0.08987288
2006,72,1,0.1125027
2006,72,2,0.09782116
2006,73,1,0.121759
2006,73,2,0.10576944
2006,74,1,0.1310153
2006,74,2,0.11371772
2006,75,1,0.1402716
2006,75,2,0.121666
2006,76,1,0.16665386
2006,76,2,0.14124266
2006,77,1,0.19303612
2006,77,2,0.16081932
2006,78,1,0.21941838
2006,78,2,0.18039598
2006,79,1,0.24580064
2006,79,2,0.19997264
2006,80,1,0.2721829
2006,80,2,0.2195493
2006,81,1,0.2721829
2006,81,2,0.2195493
2006,82,1,0.2721829
2006,82,2,0.2195493
2006,83,1,0.2721829
2006,83,2,0.2195493
2006,84,1,0.2721829
2006,84,2,0.2195493
2006,85,1,0.2721829
2006,85,2,0.2195493
2006,86,1,0.2721829
2006,86,2,0.2195493
2006,87,1,0.2721829
2006,87,2,0.2195493
2006,88,1,0.2721829
2006,88,2,0.2195493
2006,89,1,0.2721829
2006,89,2,0.2195493
2006,90,1,0.2721829
2006,90,2,0.2195493
2006,91,1,0.2721829
2006,91,2,0.2195493
2006,92,1,0.2721829
2006,92,2,0.2195493
2006,93,1,0.2721829
2006,93,2,0.2195493
2006,94,1,0.2721829
2006,94,2,0.2195493
2006,95,1,0.2721829
2006,95,2,0.2195493
2006,96,1,0.2721829
2006,96,2,0.2195493
2006,97,1,0.2721829
2006,97,2,0.2195493
2006,98,1,0.2721829
2006,98,2,0.2195493
2006,99,1,0.2721829
2006,99,2,0.2195493
2006,100,1,0.2721829
2006,100,2,0.2195493
2006,101,1,0.2721829
2006,101,2,0.2195493
2006,102,1,0.2721829
2006,102,2,0.2195493
2006,103,1,0.2721829
2006,103,2,0.2195493
2007,1,1,0.00012
2007,1,2,6.39e-05
2007,2,1,0.000114
2007,2,2,6.16e-05
2007,3,1,0.000108
2007,3,2,5.92e-05
2007,4,1,0.000102
2007,4,2,5.68e-05
2007,5,1,9.59e-05
2007,5,2,5.45e-05
2007,6,1,9.98e-05
2007,6,2,5.9e-05
2007,7,1,0.000104
2007,7,2,6.35e-05
2007,8,1,0.000108
2007,8,2,6.8e-05
2007,9,1,0.000112
2007,9,2,7.25e-05
2007,10,1,0.000116
2007,10,2,7.7e-05
2007,11,1,0.000129
2007,11,2,8.81e-05
2007,12,1,0.000142
2007,12,2,9.92e-05
2007,13,1,0.000156
2007,13,2,0.00011
2007,14,1,0.000169
2007,14,2,0.000121
2007,15,1,0.000182
2007,15,2,0.000133
2007,16,1,0.000208
2007,16,2,0.000156
2007,17,1,0.000233
2007,17,2,0.000179
2007,18,1,0.000259
2007,18,2,0.000202
2007,19,1,0.000285
2007,19,2,0.000225
2007,20,1,0.00031
2007,20,2,0.000249
2007,21,1,0.000348
2007,21,2,0.000284
2007,22,1,0.000386
2007,22,2,0.000319
2007,23,1,0.000424
2007,23,2,0.000355
2007,24,1,0.000462
2007,24,2,0.00039
2007,25,1,5e-04
2007,25,2,0.000426
2007,26,1,7e-04
2007,26,2,0.000614
2007,27,1,0.000899
2007,27,2,0.000802
2007,28,1,0.00109876
2007,28,2,0.00099
2007,29,1,0.00129828
2007,29,2,0.00117814
2007,30,1,0.0014978
2007,30,2,0.0013663
2007,31,1,0.00185888
2007,31,2,0.00170724
2007,32,1,0.00221996
2007,32,2,0.00204818
2007,33,1,0.00258104
2007,33,2,0.00238912
2007,34,1,0.00294212
2007,34,2,0.00273006
2007,35,1,0.0033032
2007,35,2,0.003071
2007,36,1,0.00414742
2007,36,2,0.00387204
2007,37,1,0.00499164
2007,37,2,0.00467308
2007,38,1,0.00583586
2007,38,2,0.00547412
2007,39,1,0.00668008
2007,39,2,0.00627516
2007,40,1,0.0075243
2007,40,2,0.0070762
2007,41,1,0.00885164
2007,41,2,0.00833734
2007,42,1,0.01017898
2007,42,2,0.00959848
2007,43,1,0.01150632
2007,43,2,0.01085962
2007,44,1,0.01283366
2007,44,2,0.01212076
2007,45,1,0.014161
2007,45,2,0.0133819
2007,46,1,0.01588934
2007,46,2,0.01490064
2007,47,1,0.01761768
2007,47,2,0.01641938
2007,48,1,0.01934602
2007,48,2,0.01793812
2007,49,1,0.02107436
2007,49,2,0.01945686
2007,50,1,0.0228027
2007,50,2,0.0209756
2007,51,1,0.02493204
2007,51,2,0.02275192
2007,52,1,0.02706138
2007,52,2,0.02452824
2007,53,1,0.02919072
2007,53,2,0.02630456
2007,54,1,0.03132006
2007,54,2,0.02808088
2007,55,1,0.0334494
2007,55,2,0.0298572
2007,56,1,0.0361179
2007,56,2,0.03213316
2007,57,1,0.0387864
2007,57,2,0.03440912
2007,58,1,0.0414549
2007,58,2,0.03668508
2007,59,1,0.0441234
2007,59,2,0.03896104
2007,60,1,0.0467919
2007,60,2,0.041237
2007,61,1,0.04999958
2007,61,2,0.04401262
2007,62,1,0.05320726
2007,62,2,0.04678824
2007,63,1,0.05641494
2007,63,2,0.04956386
2007,64,1,0.05962262
2007,64,2,0.05233948
2007,65,1,0.0628303
2007,65,2,0.0551151
2007,66,1,0.06906226
2007,66,2,0.060477
2007,67,1,0.07529422
2007,67,2,0.0658389
2007,68,1,0.08152618
2007,68,2,0.0712008
2007,69,1,0.08775814
2007,69,2,0.0765627
2007,70,1,0.0939901
2007,70,2,0.0819246
2007,71,1,0.1032464
2007,71,2,0.08987288
2007,72,1,0.1125027
2007,72,2,0.09782116
2007,73,1,0.121759
2007,73,2,0.10576944
2007,74,1,0.1310153
2007,74,2,0.11371772
2007,75,1,0.1402716
2007,75,2,0.121666
2007,76,1,0.16665386
2007,76,2,0.14124266
2007,77,1,0.19303612
2007,77,2,0.16081932
2007,78,1,0.21941838
2007,78,2,0.18039598
2007,79,1,0.24580064
2007,79,2,0.19997264
2007,80,1,0.2721829
2007,80,2,0.2195493
2007,81,1,0.2721829
2007,81,2,0.2195493
2007,82,1,0.2721829
2007,82,2,0.2195493
2007,83,1,0.2721829
2007,83,2,0.2195493
2007,84,1,0.2721829
2007,84,2,0.2195493
2007,85,1,0.2721829
2007,85,2,0.2195493
2007,86,1,0.2721829
2007,86,2,0.2195493
2007,87,1,0.2721829
2007,87,2,0.2195493
2007,88,1,0.2721829
2007,88,2,0.2195493
2007,89,1,0.2721829
2007,89,2,0.2195493
2007,90,1,0.2721829
2007,90,2,0.2195493
2007,91,1,0.2721829
2007,91,2,0.2195493
2007,92,1,0.2721829
2007,92,2,0.2195493
2007,93,1,0.2721829
2007,93,2,0.2195493
2007,94,1,0.2721829
2007,94,2,0.2195493
2007,95,1,0.2721829
2007,95,2,0.2195493
2007,96,1,0.2721829
2007,96,2,0.2195493
2007,97,1,0.2721829
2007,97,2,0.2195493
2007,98,1,0.2721829
2007,98,2,0.2195493
2007,99,1,0.2721829
2007,99,2,0.2195493
2007,100,1,0.2721829
2007,100,2,0.2195493
2007,101,1,0.2721829
2007,101,2,0.2195493
2007,102,1,0.2721829
2007,102,2,0.2195493
2007,103,1,0.2721829
2007,103,2,0.2195493
2008,1,1,0.00012
2008,1,2,6.39e-05
2008,2,1,0.000114
2008,2,2,6.16e-05
2008,3,1,0.000108
2008,3,2,5.92e-05
2008,4,1,0.000102
2008,4,2,5.68e-05
2008,5,1,9.59e-05
2008,5,2,5.45e-05
2008,6,1,9.98e-05
2008,6,2,5.9e-05
2008,7,1,0.000104
2008,7,2,6.35e-05
2008,8,1,0.000108
2008,8,2,6.8e-05
2008,9,1,0.000112
2008,9,2,7.25e-05
2008,10,1,0.000116
2008,10,2,7.7e-05
2008,11,1,0.000129
2008,11,2,8.81e-05
2008,12,1,0.000142
2008,12,2,9.92e-05
2008,13,1,0.000156
2008,13,2,0.00011
2008,14,1,0.000169
2008,14,2,0.000121
2008,15,1,0.000182
2008,15,2,0.000133
2008,16,1,0.000208
2008,16,2,0.000156
2008,17,1,0.000233
2008,17,2,0.000179
2008,18,1,0.000259
2008,18,2,0.000202
2008,19,1,0.000285
2008,19,2,0.000225
2008,20,1,0.00031
2008,20,2,0.000249
2008,21,1,0.000348
2008,21,2,0.000284
2008,22,1,0.000386
2008,22,2,0.000319
2008,23,1,0.000424
2008,23,2,0.000355
2008,24,1,0.000462
2008,24,2,0.00039
2008,25,1,5e-04
2008,25,2,0.000426
2008,26,1,7e-04
2008,26,2,0.000614
2008,27,1,0.000899
2008,27,2,0.000802
2008,28,1,0.00109876
2008,28,2,0.00099
2008,29,1,0.00129828
2008,29,2,0.00117814
2008,30,1,0.0014978
2008,30,2,0.0013663
2008,31,1,0.00185888
2008,31,2,0.00170724
2008,32,1,0.00221996
2008,32,2,0.00204818
2008,33,1,0.00258104
2008,33,2,0.00238912
2008,34,1,0.00294212
2008,34,2,0.00273006
2008,35,1,0.0033032
2008,35,2,0.003071
2008,36,1,0.00414742
2008,36,2,0.00387204
2008,37,1,0.00499164
2008,37,2,0.00467308
2008,38,1,0.00583586
2008,38,2,0.00547412
2008,39,1,0.00668008
2008,39,2,0.00627516
2008,40,1,0.0075243
2008,40,2,0.0070762
2008,41,1,0.00885164
2008,41,2,0.00833734
2008,42,1,0.01017898
2008,42,2,0.00959848
2008,43,1,0.01150632
2008,43,2,0.01085962
2008,44,1,0.01283366
2008,44,2,0.01212076
2008,45,1,0.014161
2008,45,2,0.0133819
2008,46,1,0.01588934
2008,46,2,0.01490064
2008,47,1,0.01761768
2008,47,2,0.01641938
2008,48,1,0.01934602
2008,48,2,0.01793812
2008,49,1,0.02107436
2008,49,2,0.01945686
2008,50,1,0.0228027
2008,50,2,0.0209756
2008,51,1,0.02493204
2008,51,2,0.02275192
2008,52,1,0.02706138
2008,52,2,0.02452824
2008,53,1,0.02919072
2008,53,2,0.02630456
2008,54,1,0.03132006
2008,54,2,0.02808088
2008,55,1,0.0334494
2008,55,2,0.0298572
2008,56,1,0.0361179
2008,56,2,0.03213316
2008,57,1,0.0387864
2008,57,2,0.03440912
2008,58,1,0.0414549
2008,58,2,0.03668508
2008,59,1,0.0441234
2008,59,2,0.03896104
2008,60,1,0.0467919
2008,60,2,0.041237
2008,61,1,0.04999958
2008,61,2,0.04401262
2008,62,1,0.05320726
2008,62,2,0.04678824
2008,63,1,0.05641494
2008,63,2,0.04956386
2008,64,1,0.05962262
2008,64,2,0.05233948
2008,65,1,0.0628303
2008,65,2,0.0551151
2008,66,1,0.06906226
2008,66,2,0.060477
2008,67,1,0.07529422
2008,67,2,0.0658389
2008,68,1,0.08152618
2008,68,2,0.0712008
2008,69,1,0.08775814
2008,69,2,0.0765627
2008,70,1,0.0939901
2008,70,2,0.0819246
2008,71,1,0.1032464
2008,71,2,0.08987288
2008,72,1,0.1125027
2008,72,2,0.09782116
2008,73,1,0.121759
2008,73,2,0.10576944
2008,74,1,0.1310153
2008,74,2,0.11371772
2008,75,1,0.1402716
2008,75,2,0.121666
2008,76,1,0.16665386
2008,76,2,0.14124266
2008,77,1,0.19303612
2008,77,2,0.16081932
2008,78,1,0.21941838
2008,78,2,0.18039598
2008,79,1,0.24580064
2008,79,2,0.19997264
2008,80,1,0.2721829
2008,80,2,0.2195493
2008,81,1,0.2721829
2008,81,2,0.2195493
2008,82,1,0.2721829
2008,82,2,0.2195493
2008,83,1,0.2721829
2008,83,2,0.2195493
2008,84,1,0.2721829
2008,84,2,0.2195493
2008,85,1,0.2721829
2008,85,2,0.2195493
2008,86,1,0.2721829
2008,86,2,0.2195493
2008,87,1,0.2721829
2008,87,2,0.2195493
2008,88,1,0.2721829
2008,88,2,0.2195493
2008,89,1,0.2721829
2008,89,2,0.2195493
2008,90,1,0.2721829
2008,90,2,0.2195493
2008,91,1,0.2721829
2008,91,2,0.2195493
2008,92,1,0.2721829
2008,92,2,0.2195493
2008,93,1,0.2721829
2008,93,2,0.2195493
2008,94,1,0.2721829
2008,94,2,0.2195493
2008,95,1,0.2721829
2008,95,2,0.2195493
2008,96,1,0.2721829
2008,96,2,0.2195493
2008,97,1,0.2721829
2008,97,2,0.2195493
2008,98,1,0.2721829
2008,98,2,0.2195493
2008,99,1,0.2721829
2008,99,2,0.2195493
2008,100,1,0.2721829
2008,100,2,0.2195493
2008,101,1,0.2721829
2008,101,2,0.2195493
2008,102,1,0.2721829
2008,102,2,0.2195493
2008,103,1,0.2721829
2008,103,2,0.2195493
2009,1,1,0.00012
2009,1,2,6.39e-05
2009,2,1,0.000114
2009,2,2,6.16e-05
2009,3,1,0.000108
2009,3,2,5.92e-05
2009,4,1,0.000102
2009,4,2,5.68e-05
2009,5,1,9.59e-05
2009,5,2,5.45e-05
2009,6,1,9.98e-05
2009,6,2,5.9e-05
2009,7,1,0.000104
2009,7,2,6.35e-05
2009,8,1,0.000108
2009,8,2,6.8e-05
2009,9,1,0.000112
2009,9,2,7.25e-05
2009,10,1,0.000116
2009,10,2,7.7e-05
2009,11,1,0.000129
2009,11,2,8.81e-05
2009,12,1,0.000142
2009,12,2,9.92e-05
2009,13,1,0.000156
2009,13,2,0.00011
2009,14,1,0.000169
2009,14,2,0.000121
2009,15,1,0.000182
2009,15,2,0.000133
2009,16,1,0.000208
2009,16,2,0.000156
2009,17,1,0.000233
2009,17,2,0.000179
2009,18,1,0.000259
2009,18,2,0.000202
2009,19,1,0.000285
2009,19,2,0.000225
2009,20,1,0.00031
2009,20,2,0.000249
2009,21,1,0.000348
2009,21,2,0.000284
2009,22,1,0.000386
2009,22,2,0.000319
2009,23,1,0.000424
2009,23,2,0.000355
2009,24,1,0.000462
2009,24,2,0.00039
2009,25,1,5e-04
2009,25,2,0.000426
2009,26,1,7e-04
2009,26,2,0.000614
2009,27,1,0.000899
2009,27,2,0.000802
2009,28,1,0.00109876
2009,28,2,0.00099
2009,29,1,0.00129828
2009,29,2,0.00117814
2009,30,1,0.0014978
2009,30,2,0.0013663
2009,31,1,0.00185888
2009,31,2,0.00170724
2009,32,1,0.00221996
2009,32,2,0.00204818
2009,33,1,0.00258104
2009,33,2,0.00238912
2009,34,1,0.00294212
2009,34,2,0.00273006
2009,35,1,0.0033032
2009,35,2,0.003071
2009,36,1,0.00414742
2009,36,2,0.00387204
2009,37,1,0.00499164
2009,37,2,0.00467308
2009,38,1,0.00583586
2009,38,2,0.00547412
2009,39,1,0.00668008
2009,39,2,0.00627516
2009,40,1,0.0075243
2009,40,2,0.0070762
2009,41,1,0.00885164
2009,41,2,0.00833734
2009,42,1,0.01017898
2009,42,2,0.00959848
2009,43,1,0.01150632
2009,43,2,0.01085962
2009,44,1,0.01283366
2009,44,2,0.01212076
2009,45,1,0.014161
2009,45,2,0.0133819
2009,46,1,0.01588934
2009,46,2,0.01490064
2009,47,1,0.01761768
2009,47,2,0.01641938
2009,48,1,0.01934602
2009,48,2,0.01793812
2009,49,1,0.02107436
2009,49,2,0.01945686
2009,50,1,0.0228027
2009,50,2,0.0209756
2009,51,1,0.02493204
2009,51,2,0.02275192
2009,52,1,0.02706138
2009,52,2,0.02452824
2009,53,1,0.02919072
2009,53,2,0.02630456
2009,54,1,0.03132006
2009,54,2,0.02808088
2009,55,1,0.0334494
2009,55,2,0.0298572
2009,56,1,0.0361179
2009,56,2,0.03213316
2009,57,1,0.0387864
2009,57,2,0.03440912
2009,58,1,0.0414549
2009,58,2,0.03668508
2009,59,1,0.0441234
2009,59,2,0.03896104
2009,60,1,0.0467919
2009,60,2,0.041237
2009,61,1,0.04999958
2009,61,2,0.04401262
2009,62,1,0.05320726
2009,62,2,0.04678824
2009,63,1,0.05641494
2009,63,2,0.04956386
2009,64,1,0.05962262
2009,64,2,0.05233948
2009,65,1,0.0628303
2009,65,2,0.0551151
2009,66,1,0.06906226
2009,66,2,0.060477
2009,67,1,0.07529422
2009,67,2,0.0658389
2009,68,1,0.08152618
2009,68,2,0.0712008
2009,69,1,0.08775814
2009,69,2,0.0765627
2009,70,1,0.0939901
2009,70,2,0.0819246
2009,71,1,0.1032464
2009,71,2,0.08987288
2009,72,1,0.1125027
2009,72,2,0.09782116
2009,73,1,0.121759
2009,73,2,0.10576944
2009,74,1,0.1310153
2009,74,2,0.11371772
2009,75,1,0.1402716
2009,75,2,0.121666
2009,76,1,0.16665386
2009,76,2,0.14124266
2009,77,1,0.19303612
2009,77,2,0.16081932
2009,78,1,0.21941838
2009,78,2,0.18039598
2009,79,1,0.24580064
2009,79,2,0.19997264
2009,80,1,0.2721829
2009,80,2,0.2195493
2009,81,1,0.2721829
2009,81,2,0.2195493
2009,82,1,0.2721829
2009,82,2,0.2195493
2009,83,1,0.2721829
2009,83,2,0.2195493
2009,84,1,0.2721829
2009,84,2,0.2195493
2009,85,1,0.2721829
2009,85,2,0.2195493
2009,86,1,0.2721829
2009,86,2,0.2195493
2009,87,1,0.2721829
2009,87,2,0.2195493
2009,88,1,0.2721829
2009,88,2,0.2195493
2009,89,1,0.2721829
2009,89,2,0.2195493
2009,90,1,0.2721829
2009,90,2,0.2195493
2009,91,1,0.2721829
2009,91,2,0.2195493
2009,92,1,0.2721829
2009,92,2,0.2195493
2009,93,1,0.2721829
2009,93,2,0.2195493
2009,94,1,0.2721829
2009,94,2,0.2195493
2009,95,1,0.2721829
2009,95,2,0.2195493
2009,96,1,0.2721829
2009,96,2,0.2195493
2009,97,1,0.2721829
2009,97,2,0.2195493
2009,98,1,0.2721829
2009,98,2,0.2195493
2009,99,1,0.2721829
2009,99,2,0.2195493
2009,100,1,0.2721829
2009,100,2,0.2195493
2009,101,1,0.2721829
2009,101,2,0.2195493
2009,102,1,0.2721829
2009,102,2,0.2195493
2009,103,1,0.2721829
2009,103,2,0.2195493
2010,1,1,0.00012
2010,1,2,6.39e-05
2010,2,1,0.000114
2010,2,2,6.16e-05
2010,3,1,0.000108
2010,3,2,5.92e-05
2010,4,1,0.000102
2010,4,2,5.68e-05
2010,5,1,9.59e-05
2010,5,2,5.45e-05
2010,6,1,9.98e-05
2010,6,2,5.9e-05
2010,7,1,0.000104
2010,7,2,6.35e-05
2010,8,1,0.000108
2010,8,2,6.8e-05
2010,9,1,0.000112
2010,9,2,7.25e-05
2010,10,1,0.000116
2010,10,2,7.7e-05
2010,11,1,0.000129
2010,11,2,8.81e-05
2010,12,1,0.000142
2010,12,2,9.92e-05
2010,13,1,0.000156
2010,13,2,0.00011
2010,14,1,0.000169
2010,14,2,0.000121
2010,15,1,0.000182
2010,15,2,0.000133
2010,16,1,0.000208
2010,16,2,0.000156
2010,17,1,0.000233
2010,17,2,0.000179
2010,18,1,0.000259
2010,18,2,0.000202
2010,19,1,0.000285
2010,19,2,0.000225
2010,20,1,0.00031
2010,20,2,0.000249
2010,21,1,0.000348
2010,21,2,0.000284
2010,22,1,0.000386
2010,22,2,0.000319
2010,23,1,0.000424
2010,23,2,0.000355
2010,24,1,0.000462
2010,24,2,0.00039
2010,25,1,5e-04
2010,25,2,0.000426
2010,26,1,7e-04
2010,26,2,0.000614
2010,27,1,0.000899
2010,27,2,0.000802
2010,28,1,0.00109876
2010,28,2,0.00099
2010,29,1,0.00129828
2010,29,2,0.00117814
2010,30,1,0.0014978
2010,30,2,0.0013663
2010,31,1,0.00185888
2010,31,2,0.00170724
2010,32,1,0.00221996
2010,32,2,0.00204818
2010,33,1,0.00258104
2010,33,2,0.00238912
2010,34,1,0.00294212
2010,34,2,0.00273006
2010,35,1,0.0033032
2010,35,2,0.003071
2010,36,1,0.00414742
2010,36,2,0.00387204
2010,37,1,0.00499164
2010,37,2,0.00467308
2010,38,1,0.00583586
2010,38,2,0.00547412
2010,39,1,0.00668008
2010,39,2,0.00627516
2010,40,1,0.0075243
2010,40,2,0.0070762
2010,41,1,0.00885164
2010,41,2,0.00833734
2010,42,1,0.01017898
2010,42,2,0.00959848
2010,43,1,0.01150632
2010,43,2,0.01085962
2010,44,1,0.01283366
2010,44,2,0.01212076
2010,45,1,0.014161
2010,45,2,0.0133819
2010,46,1,0.01588934
2010,46,2,0.01490064
2010,47,1,0.01761768
2010,47,2,0.01641938
2010,48,1,0.01934602
2010,48,2,0.01793812
2010,49,1,0.02107436
2010,49,2,0.01945686
2010,50,1,0.0228027
2010,50,2,0.0209756
2010,51,1,0.02493204
2010,51,2,0.02275192
2010,52,1,0.02706138
2010,52,2,0.02452824
2010,53,1,0.02919072
2010,53,2,0.02630456
2010,54,1,0.03132006
2010,54,2,0.02808088
2010,55,1,0.0334494
2010,55,2,0.0298572
2010,56,1,0.0361179
2010,56,2,0.03213316
2010,57,1,0.0387864
2010,57,2,0.03440912
2010,58,1,0.0414549
2010,58,2,0.03668508
2010,59,1,0.0441234
2010,59,2,0.03896104
2010,60,1,0.0467919
2010,60,2,0.041237
2010,61,1,0.04999958
2010,61,2,0.04401262
2010,62,1,0.05320726
2010,62,2,0.04678824
2010,63,1,0.05641494
2010,63,2,0.04956386
2010,64,1,0.05962262
2010,64,2,0.05233948
2010,65,1,0.0628303
2010,65,2,0.0551151
2010,66,1,0.06906226
2010,66,2,0.060477
2010,67,1,0.07529422
2010,67,2,0.0658389
2010,68,1,0.08152618
2010,68,2,0.0712008
2010,69,1,0.08775814
2010,69,2,0.0765627
2010,70,1,0.0939901
2010,70,2,0.0819246
2010,71,1,0.1032464
2010,71,2,0.08987288
2010,72,1,0.1125027
2010,72,2,0.09782116
2010,73,1,0.121759
2010,73,2,0.10576944
2010,74,1,0.1310153
2010,74,2,0.11371772
2010,75,1,0.1402716
2010,75,2,0.121666
2010,76,1,0.16665386
2010,76,2,0.14124266
2010,77,1,0.19303612
2010,77,2,0.16081932
2010,78,1,0.21941838
2010,78,2,0.18039598
2010,79,1,0.24580064
2010,79,2,0.19997264
2010,80,1,0.2721829
2010,80,2,0.2195493
2010,81,1,0.2721829
2010,81,2,0.2195493
2010,82,1,0.2721829
2010,82,2,0.2195493
2010,83,1,0.2721829
2010,83,2,0.2195493
2010,84,1,0.2721829
2010,84,2,0.2195493
2010,85,1,0.2721829
2010,85,2,0.2195493
2010,86,1,0.2721829
2010,86,2,0.2195493
2010,87,1,0.2721829
2010,87,2,0.2195493
2010,88,1,0.2721829
2010,88,2,0.2195493
2010,89,1,0.2721829
2010,89,2,0.2195493
2010,90,1,0.2721829
2010,90,2,0.2195493
2010,91,1,0.2721829
2010,91,2,0.2195493
2010,92,1,0.2721829
2010,92,2,0.2195493
2010,93,1,0.2721829
2010,93,2,0.2195493
2010,94,1,0.2721829
2010,94,2,0.2195493
2010,95,1,0.2721829
2010,95,2,0.2195493
2010,96,1,0.2721829
2010,96,2,0.2195493
2010,97,1,0.2721829
2010,97,2,0.2195493
2010,98,1,0.2721829
2010,98,2,0.2195493
2010,99,1,0.2721829
2010,99,2,0.2195493
2010,100,1,0.2721829
2010,100,2,0.2195493
2010,101,1,0.2721829
2010,101,2,0.2195493
2010,102,1,0.2721829
2010,102,2,0.2195493
2010,103,1,0.2721829
2010,103,2,0.2195493
2011,1,1,0.00012
2011,1,2,6.38e-05
2011,2,1,0.000114
2011,2,2,6.14e-05
2011,3,1,0.000108
2011,3,2,5.9e-05
2011,4,1,0.000102
2011,4,2,5.66e-05
2011,5,1,9.59e-05
2011,5,2,5.42e-05
2011,6,1,9.98e-05
2011,6,2,5.87e-05
2011,7,1,0.000104
2011,7,2,6.32e-05
2011,8,1,0.000108
2011,8,2,6.78e-05
2011,9,1,0.000112
2011,9,2,7.23e-05
2011,10,1,0.000116
2011,10,2,7.68e-05
2011,11,1,0.000129
2011,11,2,8.8e-05
2011,12,1,0.000142
2011,12,2,9.92e-05
2011,13,1,0.000156
2011,13,2,0.00011
2011,14,1,0.000169
2011,14,2,0.000122
2011,15,1,0.000182
2011,15,2,0.000133
2011,16,1,0.000208
2011,16,2,0.000156
2011,17,1,0.000233
2011,17,2,0.000179
2011,18,1,0.000259
2011,18,2,0.000202
2011,19,1,0.000285
2011,19,2,0.000226
2011,20,1,0.00031
2011,20,2,0.000249
2011,21,1,0.000348
2011,21,2,0.000284
2011,22,1,0.000386
2011,22,2,0.000319
2011,23,1,0.000424
2011,23,2,0.000355
2011,24,1,0.000462
2011,24,2,0.00039
2011,25,1,5e-04
2011,25,2,0.000425
2011,26,1,7e-04
2011,26,2,0.000613
2011,27,1,0.000899
2011,27,2,0.000801
2011,28,1,0.00109876
2011,28,2,0.000989
2011,29,1,0.00129828
2011,29,2,0.00117659
2011,30,1,0.0014978
2011,30,2,0.0013645
2011,31,1,0.00185888
2011,31,2,0.00170505
2011,32,1,0.00221996
2011,32,2,0.00204559
2011,33,1,0.00258104
2011,33,2,0.00238614
2011,34,1,0.00294212
2011,34,2,0.00272669
2011,35,1,0.0033032
2011,35,2,0.00306723
2011,36,1,0.00414742
2011,36,2,0.00386851
2011,37,1,0.00499164
2011,37,2,0.00466979
2011,38,1,0.00583586
2011,38,2,0.00547107
2011,39,1,0.00668008
2011,39,2,0.00627235
2011,40,1,0.0075243
2011,40,2,0.00707363
2011,41,1,0.00885164
2011,41,2,0.00833563
2011,42,1,0.01017898
2011,42,2,0.00959763
2011,43,1,0.01150632
2011,43,2,0.01085963
2011,44,1,0.01283366
2011,44,2,0.01212163
2011,45,1,0.014161
2011,45,2,0.01338363
2011,46,1,0.01588934
2011,46,2,0.0148985
2011,47,1,0.01761768
2011,47,2,0.01641337
2011,48,1,0.01934602
2011,48,2,0.01792823
2011,49,1,0.02107436
2011,49,2,0.0194431
2011,50,1,0.0228027
2011,50,2,0.02095797
2011,51,1,0.02493204
2011,51,2,0.02272567
2011,52,1,0.02706138
2011,52,2,0.02449338
2011,53,1,0.02919072
2011,53,2,0.02626109
2011,54,1,0.03132006
2011,54,2,0.02802879
2011,55,1,0.0334494
2011,55,2,0.0297965
2011,56,1,0.0361179
2011,56,2,0.03208011
2011,57,1,0.0387864
2011,57,2,0.03436373
2011,58,1,0.0414549
2011,58,2,0.03664734
2011,59,1,0.0441234
2011,59,2,0.03893095
2011,60,1,0.0467919
2011,60,2,0.04121457
2011,61,1,0.04999958
2011,61,2,0.04401411
2011,62,1,0.05320726
2011,62,2,0.04681366
2011,63,1,0.05641494
2011,63,2,0.04961321
2011,64,1,0.05962262
2011,64,2,0.05241275
2011,65,1,0.0628303
2011,65,2,0.0552123
2011,66,1,0.06906226
2011,66,2,0.06059287
2011,67,1,0.07529422
2011,67,2,0.06597345
2011,68,1,0.08152618
2011,68,2,0.07135402
2011,69,1,0.08775814
2011,69,2,0.07673459
2011,70,1,0.0939901
2011,70,2,0.08211517
2011,71,1,0.1032464
2011,71,2,0.09007687
2011,72,1,0.1125027
2011,72,2,0.09803857
2011,73,1,0.121759
2011,73,2,0.10600027
2011,74,1,0.1310153
2011,74,2,0.11396197
2011,75,1,0.1402716
2011,75,2,0.12192367
2011,76,1,0.16665386
2011,76,2,0.14155019
2011,77,1,0.19303612
2011,77,2,0.16117672
2011,78,1,0.21941838
2011,78,2,0.18080325
2011,79,1,0.24580064
2011,79,2,0.20042977
2011,80,1,0.2721829
2011,80,2,0.2200563
2011,81,1,0.2721829
2011,81,2,0.2200563
2011,82,1,0.2721829
2011,82,2,0.2200563
2011,83,1,0.2721829
2011,83,2,0.2200563
2011,84,1,0.2721829
2011,84,2,0.2200563
2011,85,1,0.2721829
2011,85,2,0.2200563
2011,86,1,0.2721829
2011,86,2,0.2200563
2011,87,1,0.2721829
2011,87,2,0.2200563
2011,88,1,0.2721829
2011,88,2,0.2200563
2011,89,1,0.2721829
2011,89,2,0.2200563
2011,90,1,0.2721829
2011,90,2,0.2200563
2011,91,1,0.2721829
2011,91,2,0.2200563
2011,92,1,0.2721829
2011,92,2,0.2200563
2011,93,1,0.2721829
2011,93,2,0.2200563
2011,94,1,0.2721829
2011,94,2,0.2200563
2011,95,1,0.2721829
2011,95,2,0.2200563
2011,96,1,0.2721829
2011,96,2,0.2200563
2011,97,1,0.2721829
2011,97,2,0.2200563
2011,98,1,0.2721829
2011,98,2,0.2200563
2011,99,1,0.2721829
2011,99,2,0.2200563
2011,100,1,0.2721829
2011,100,2,0.2200563
2011,101,1,0.2721829
2011,101,2,0.2200563
2011,102,1,0.2721829
2011,102,2,0.2200563
2011,103,1,0.2721829
2011,103,2,0.2200563
2012,1,1,0.00012
2012,1,2,6.36e-05
2012,2,1,0.000114
2012,2,2,6.12e-05
2012,3,1,0.000108
2012,3,2,5.88e-05
2012,4,1,0.000102
2012,4,2,5.63e-05
2012,5,1,9.59e-05
2012,5,2,5.39e-05
2012,6,1,9.98e-05
2012,6,2,5.84e-05
2012,7,1,0.000104
2012,7,2,6.3e-05
2012,8,1,0.000108
2012,8,2,6.75e-05
2012,9,1,0.000112
2012,9,2,7.21e-05
2012,10,1,0.000116
2012,10,2,7.66e-05
2012,11,1,0.000129
2012,11,2,8.79e-05
2012,12,1,0.000142
2012,12,2,9.91e-05
2012,13,1,0.000156
2012,13,2,0.00011
2012,14,1,0.000169
2012,14,2,0.000122
2012,15,1,0.000182
2012,15,2,0.000133
2012,16,1,0.000208
2012,16,2,0.000156
2012,17,1,0.000233
2012,17,2,0.000179
2012,18,1,0.000259
2012,18,2,0.000203
2012,19,1,0.000285
2012,19,2,0.000226
2012,20,1,0.00031
2012,20,2,0.000249
2012,21,1,0.000348
2012,21,2,0.000284
2012,22,1,0.000386
2012,22,2,0.000319
2012,23,1,0.000424
2012,23,2,0.000354
2012,24,1,0.000462
2012,24,2,0.000389
2012,25,1,5e-04
2012,25,2,0.000424
2012,26,1,7e-04
2012,26,2,0.000612
2012,27,1,0.000899
2012,27,2,8e-04
2012,28,1,0.00109876
2012,28,2,0.000987
2012,29,1,0.00129828
2012,29,2,0.00117505
2012,30,1,0.0014978
2012,30,2,0.0013627
2012,31,1,0.00185888
2012,31,2,0.00170285
2012,32,1,0.00221996
2012,32,2,0.00204301
2012,33,1,0.00258104
2012,33,2,0.00238316
2012,34,1,0.00294212
2012,34,2,0.00272331
2012,35,1,0.0033032
2012,35,2,0.00306347
2012,36,1,0.00414742
2012,36,2,0.00386499
2012,37,1,0.00499164
2012,37,2,0.00466651
2012,38,1,0.00583586
2012,38,2,0.00546803
2012,39,1,0.00668008
2012,39,2,0.00626955
2012,40,1,0.0075243
2012,40,2,0.00707107
2012,41,1,0.00885164
2012,41,2,0.00833393
2012,42,1,0.01017898
2012,42,2,0.00959679
2012,43,1,0.01150632
2012,43,2,0.01085965
2012,44,1,0.01283366
2012,44,2,0.01212251
2012,45,1,0.014161
2012,45,2,0.01338537
2012,46,1,0.01588934
2012,46,2,0.01489636
2012,47,1,0.01761768
2012,47,2,0.01640735
2012,48,1,0.01934602
2012,48,2,0.01791835
2012,49,1,0.02107436
2012,49,2,0.01942934
2012,50,1,0.0228027
2012,50,2,0.02094033
2012,51,1,0.02493204
2012,51,2,0.02269943
2012,52,1,0.02706138
2012,52,2,0.02445852
2012,53,1,0.02919072
2012,53,2,0.02621761
2012,54,1,0.03132006
2012,54,2,0.02797671
2012,55,1,0.0334494
2012,55,2,0.0297358
2012,56,1,0.0361179
2012,56,2,0.03202707
2012,57,1,0.0387864
2012,57,2,0.03431833
2012,58,1,0.0414549
2012,58,2,0.0366096
2012,59,1,0.0441234
2012,59,2,0.03890087
2012,60,1,0.0467919
2012,60,2,0.04119213
2012,61,1,0.04999958
2012,61,2,0.04401561
2012,62,1,0.05320726
2012,62,2,0.04683908
2012,63,1,0.05641494
2012,63,2,0.04966255
2012,64,1,0.05962262
2012,64,2,0.05248603
2012,65,1,0.0628303
2012,65,2,0.0553095
2012,66,1,0.06906226
2012,66,2,0.06070875
2012,67,1,0.07529422
2012,67,2,0.06610799
2012,68,1,0.08152618
2012,68,2,0.07150724
2012,69,1,0.08775814
2012,69,2,0.07690649
2012,70,1,0.0939901
2012,70,2,0.08230573
2012,71,1,0.1032464
2012,71,2,0.09028085
2012,72,1,0.1125027
2012,72,2,0.09825597
2012,73,1,0.121759
2012,73,2,0.10623109
2012,74,1,0.1310153
2012,74,2,0.11420621
2012,75,1,0.1402716
2012,75,2,0.12218133
2012,76,1,0.16665386
2012,76,2,0.14185773
2012,77,1,0.19303612
2012,77,2,0.16153412
2012,78,1,0.21941838
2012,78,2,0.18121051
2012,79,1,0.24580064
2012,79,2,0.20088691
2012,80,1,0.2721829
2012,80,2,0.2205633
2012,81,1,0.2721829
2012,81,2,0.2205633
2012,82,1,0.2721829
2012,82,2,0.2205633
2012,83,1,0.2721829
2012,83,2,0.2205633
2012,84,1,0.2721829
2012,84,2,0.2205633
2012,85,1,0.2721829
2012,85,2,0.2205633
2012,86,1,0.2721829
2012,86,2,0.2205633
2012,87,1,0.2721829
2012,87,2,0.2205633
2012,88,1,0.2721829
2012,88,2,0.2205633
2012,89,1,0.2721829
2012,89,2,0.2205633
2012,90,1,0.2721829
2012,90,2,0.2205633
2012,91,1,0.2721829
2012,91,2,0.2205633
2012,92,1,0.2721829
2012,92,2,0.2205633
2012,93,1,0.2721829
2012,93,2,0.2205633
2012,94,1,0.2721829
2012,94,2,0.2205633
2012,95,1,0.2721829
2012,95,2,0.2205633
2012,96,1,0.2721829
2012,96,2,0.2205633
2012,97,1,0.2721829
2012,97,2,0.2205633
2012,98,1,0.2721829
2012,98,2,0.2205633
2012,99,1,0.2721829
2012,99,2,0.2205633
2012,100,1,0.2721829
2012,100,2,0.2205633
2012,101,1,0.2721829
2012,101,2,0.2205633
2012,102,1,0.2721829
2012,102,2,0.2205633
2012,103,1,0.2721829
2012,103,2,0.2205633
2013,1,1,0.00012
2013,1,2,6.35e-05
2013,2,1,0.000114
2013,2,2,6.1e-05
2013,3,1,0.000108
2013,3,2,5.85e-05
2013,4,1,0.000102
2013,4,2,5.61e-05
2013,5,1,9.59e-05
2013,5,2,5.36e-05
2013,6,1,9.98e-05
2013,6,2,5.82e-05
2013,7,1,0.000104
2013,7,2,6.27e-05
2013,8,1,0.000108
2013,8,2,6.73e-05
2013,9,1,0.000112
2013,9,2,7.19e-05
2013,10,1,0.000116
2013,10,2,7.65e-05
2013,11,1,0.000129
2013,11,2,8.78e-05
2013,12,1,0.000142
2013,12,2,9.91e-05
2013,13,1,0.000156
2013,13,2,0.00011
2013,14,1,0.000169
2013,14,2,0.000122
2013,15,1,0.000182
2013,15,2,0.000133
2013,16,1,0.000208
2013,16,2,0.000156
2013,17,1,0.000233
2013,17,2,0.000179
2013,18,1,0.000259
2013,18,2,0.000203
2013,19,1,0.000285
2013,19,2,0.000226
2013,20,1,0.00031
2013,20,2,0.000249
2013,21,1,0.000348
2013,21,2,0.000284
2013,22,1,0.000386
2013,22,2,0.000319
2013,23,1,0.000424
2013,23,2,0.000354
2013,24,1,0.000462
2013,24,2,0.000389
2013,25,1,5e-04
2013,25,2,0.000424
2013,26,1,7e-04
2013,26,2,0.000611
2013,27,1,0.000899
2013,27,2,0.000799
2013,28,1,0.00109876
2013,28,2,0.000986
2013,29,1,0.00129828
2013,29,2,0.0011735
2013,30,1,0.0014978
2013,30,2,0.0013609
2013,31,1,0.00185888
2013,31,2,0.00170066
2013,32,1,0.00221996
2013,32,2,0.00204042
2013,33,1,0.00258104
2013,33,2,0.00238018
2013,34,1,0.00294212
2013,34,2,0.00271994
2013,35,1,0.0033032
2013,35,2,0.0030597
2013,36,1,0.00414742
2013,36,2,0.00386146
2013,37,1,0.00499164
2013,37,2,0.00466322
2013,38,1,0.00583586
2013,38,2,0.00546498
2013,39,1,0.00668008
2013,39,2,0.00626674
2013,40,1,0.0075243
2013,40,2,0.0070685
2013,41,1,0.00885164
2013,41,2,0.00833222
2013,42,1,0.01017898
2013,42,2,0.00959594
2013,43,1,0.01150632
2013,43,2,0.01085966
2013,44,1,0.01283366
2013,44,2,0.01212338
2013,45,1,0.014161
2013,45,2,0.0133871
2013,46,1,0.01588934
2013,46,2,0.01489422
2013,47,1,0.01761768
2013,47,2,0.01640134
2013,48,1,0.01934602
2013,48,2,0.01790846
2013,49,1,0.02107436
2013,49,2,0.01941558
2013,50,1,0.0228027
2013,50,2,0.0209227
2013,51,1,0.02493204
2013,51,2,0.02267318
2013,52,1,0.02706138
2013,52,2,0.02442366
2013,53,1,0.02919072
2013,53,2,0.02617414
2013,54,1,0.03132006
2013,54,2,0.02792462
2013,55,1,0.0334494
2013,55,2,0.0296751
2013,56,1,0.0361179
2013,56,2,0.03197402
2013,57,1,0.0387864
2013,57,2,0.03427294
2013,58,1,0.0414549
2013,58,2,0.03657186
2013,59,1,0.0441234
2013,59,2,0.03887078
2013,60,1,0.0467919
2013,60,2,0.0411697
2013,61,1,0.04999958
2013,61,2,0.0440171
2013,62,1,0.05320726
2013,62,2,0.0468645
2013,63,1,0.05641494
2013,63,2,0.0497119
2013,64,1,0.05962262
2013,64,2,0.0525593
2013,65,1,0.0628303
2013,65,2,0.0554067
2013,66,1,0.06906226
2013,66,2,0.06082462
2013,67,1,0.07529422
2013,67,2,0.06624254
2013,68,1,0.08152618
2013,68,2,0.07166046
2013,69,1,0.08775814
2013,69,2,0.07707838
2013,70,1,0.0939901
2013,70,2,0.0824963
2013,71,1,0.1032464
2013,71,2,0.09048484
2013,72,1,0.1125027
2013,72,2,0.09847338
2013,73,1,0.121759
2013,73,2,0.10646192
2013,74,1,0.1310153
2013,74,2,0.11445046
2013,75,1,0.1402716
2013,75,2,0.122439
2013,76,1,0.16665386
2013,76,2,0.14216526
2013,77,1,0.19303612
2013,77,2,0.16189152
2013,78,1,0.21941838
2013,78,2,0.18161778
2013,79,1,0.24580064
2013,79,2,0.20134404
2013,80,1,0.2721829
2013,80,2,0.2210703
2013,81,1,0.2721829
2013,81,2,0.2210703
2013,82,1,0.2721829
2013,82,2,0.2210703
2013,83,1,0.2721829
2013,83,2,0.2210703
2013,84,1,0.2721829
2013,84,2,0.2210703
2013,85,1,0.2721829
2013,85,2,0.2210703
2013,86,1,0.2721829
2013,86,2,0.2210703
2013,87,1,0.2721829
2013,87,2,0.2210703
2013,88,1,0.2721829
2013,88,2,0.2210703
2013,89,1,0.2721829
2013,89,2,0.2210703
2013,90,1,0.2721829
2013,90,2,0.2210703
2013,91,1,0.2721829
2013,91,2,0.2210703
2013,92,1,0.2721829
2013,92,2,0.2210703
2013,93,1,0.2721829
2013,93,2,0.2210703
2013,94,1,0.2721829
2013,94,2,0.2210703
2013,95,1,0.2721829
2013,95,2,0.2210703
2013,96,1,0.2721829
2013,96,2,0.2210703
2013,97,1,0.2721829
2013,97,2,0.2210703
2013,98,1,0.2721829
2013,98,2,0.2210703
2013,99,1,0.2721829
2013,99,2,0.2210703
2013,100,1,0.2721829
2013,100,2,0.2210703
2013,101,1,0.2721829
2013,101,2,0.2210703
2013,102,1,0.2721829
2013,102,2,0.2210703
2013,103,1,0.2721829
2013,103,2,0.2210703
