"Year","Age","sex","Mortality_Rate"
1990,1,1,6.73e-05
1990,1,2,6.95e-06
1990,2,1,6.8e-05
1990,2,2,1.73e-05
1990,3,1,6.86e-05
1990,3,2,2.76e-05
1990,4,1,6.93e-05
1990,4,2,3.79e-05
1990,5,1,6.99e-05
1990,5,2,4.82e-05
1990,6,1,8e-05
1990,6,2,4.26e-05
1990,7,1,9.01e-05
1990,7,2,3.69e-05
1990,8,1,1e-04
1990,8,2,3.12e-05
1990,9,1,0.00011
1990,9,2,2.56e-05
1990,10,1,0.00012
1990,10,2,1.99e-05
1990,11,1,0.00023
1990,11,2,7.52e-05
1990,12,1,0.000339
1990,12,2,0.00013
1990,13,1,0.000448
1990,13,2,0.000186
1990,14,1,0.000558
1990,14,2,0.000241
1990,15,1,0.000667
1990,15,2,0.000296
1990,16,1,0.000723
1990,16,2,0.000319
1990,17,1,0.000778
1990,17,2,0.000342
1990,18,1,0.000833
1990,18,2,0.000365
1990,19,1,0.000888
1990,19,2,0.000388
1990,20,1,0.000944
1990,20,2,0.000411
1990,21,1,0.00112
1990,21,2,0.000432
1990,22,1,0.0013
1990,22,2,0.000453
1990,23,1,0.00147
1990,23,2,0.000473
1990,24,1,0.00165
1990,24,2,0.000494
1990,25,1,0.00183
1990,25,2,0.000515
1990,26,1,0.00194
1990,26,2,0.000637
1990,27,1,0.00206
1990,27,2,0.00076
1990,28,1,0.00218
1990,28,2,0.000882
1990,29,1,0.0023
1990,29,2,0.001
1990,30,1,0.00242
1990,30,2,0.00113
1990,31,1,0.00335
1990,31,2,0.00136
1990,32,1,0.00428
1990,32,2,0.00158
1990,33,1,0.00522
1990,33,2,0.00181
1990,34,1,0.00615
1990,34,2,0.00204
1990,35,1,0.00708
1990,35,2,0.00227
1990,36,1,0.00865
1990,36,2,0.00266
1990,37,1,0.0102146
1990,37,2,0.00305
1990,38,1,0.0117804
1990,38,2,0.00343
1990,39,1,0.0133462
1990,39,2,0.00382
1990,40,1,0.014912
1990,40,2,0.00421
1990,41,1,0.0175116
1990,41,2,0.00477
1990,42,1,0.0201112
1990,42,2,0.00533
1990,43,1,0.0227108
1990,43,2,0.00589
1990,44,1,0.0253104
1990,44,2,0.00646
1990,45,1,0.02791
1990,45,2,0.00702
1990,46,1,0.031954
1990,46,2,0.0081
1990,47,1,0.035998
1990,47,2,0.00918
1990,48,1,0.040042
1990,48,2,0.0102656
1990,49,1,0.044086
1990,49,2,0.0113478
1990,50,1,0.04813
1990,50,2,0.01243
1990,51,1,0.0546366
1990,51,2,0.015295
1990,52,1,0.0611432
1990,52,2,0.01816
1990,53,1,0.0676498
1990,53,2,0.021025
1990,54,1,0.0741564
1990,54,2,0.02389
1990,55,1,0.080663
1990,55,2,0.026755
1990,56,1,0.0916678
1990,56,2,0.030376
1990,57,1,0.1026726
1990,57,2,0.033997
1990,58,1,0.1136774
1990,58,2,0.037618
1990,59,1,0.1246822
1990,59,2,0.041239
1990,60,1,0.135687
1990,60,2,0.04486
1990,61,1,0.1552122
1990,61,2,0.055455
1990,62,1,0.1747374
1990,62,2,0.06605
1990,63,1,0.1942626
1990,63,2,0.076645
1990,64,1,0.2137878
1990,64,2,0.08724
1990,65,1,0.233313
1990,65,2,0.097835
1990,66,1,0.2584574
1990,66,2,0.1173472
1990,67,1,0.2836018
1990,67,2,0.1368594
1990,68,1,0.3087462
1990,68,2,0.1563716
1990,69,1,0.3338906
1990,69,2,0.1758838
1990,70,1,0.359035
1990,70,2,0.195396
1990,71,1,0.3859296
1990,71,2,0.22281
1990,72,1,0.4128242
1990,72,2,0.250224
1990,73,1,0.4397188
1990,73,2,0.277638
1990,74,1,0.4666134
1990,74,2,0.305052
1990,75,1,0.493508
1990,75,2,0.332466
1990,76,1,0.6121916
1990,76,2,0.4197116
1990,77,1,0.7308752
1990,77,2,0.5069572
1990,78,1,0.8495588
1990,78,2,0.5942028
1990,79,1,0.9682424
1990,79,2,0.6814484
1990,80,1,1.086926
1990,80,2,0.768694
1990,81,1,1.086926
1990,81,2,0.768694
1990,82,1,1.086926
1990,82,2,0.768694
1990,83,1,1.086926
1990,83,2,0.768694
1990,84,1,1.086926
1990,84,2,0.768694
1990,85,1,1.086926
1990,85,2,0.768694
1990,86,1,1.086926
1990,86,2,0.768694
1990,87,1,1.086926
1990,87,2,0.768694
1990,88,1,1.086926
1990,88,2,0.768694
1990,89,1,1.086926
1990,89,2,0.768694
1990,90,1,1.086926
1990,90,2,0.768694
1990,91,1,1.086926
1990,91,2,0.768694
1990,92,1,1.086926
1990,92,2,0.768694
1990,93,1,1.086926
1990,93,2,0.768694
1990,94,1,1.086926
1990,94,2,0.768694
1990,95,1,1.086926
1990,95,2,0.768694
1990,96,1,1.086926
1990,96,2,0.768694
1990,97,1,1.086926
1990,97,2,0.768694
1990,98,1,1.086926
1990,98,2,0.768694
1990,99,1,1.086926
1990,99,2,0.768694
1990,100,1,1.086926
1990,100,2,0.768694
1990,101,1,1.086926
1990,101,2,0.768694
1990,102,1,1.086926
1990,102,2,0.768694
1990,103,1,1.086926
1990,103,2,0.768694
1991,1,1,6.55e-05
1991,1,2,6.69e-06
1991,2,1,6.73e-05
1991,2,2,1.74e-05
1991,3,1,6.91e-05
1991,3,2,2.82e-05
1991,4,1,7.09e-05
1991,4,2,3.9e-05
1991,5,1,7.28e-05
1991,5,2,4.97e-05
1991,6,1,8.37e-05
1991,6,2,4.39e-05
1991,7,1,9.46e-05
1991,7,2,3.81e-05
1991,8,1,0.000106
1991,8,2,3.23e-05
1991,9,1,0.000116
1991,9,2,2.64e-05
1991,10,1,0.000127
1991,10,2,2.06e-05
1991,11,1,0.000235
1991,11,2,7.71e-05
1991,12,1,0.000343
1991,12,2,0.000134
1991,13,1,0.000451
1991,13,2,0.00019
1991,14,1,0.000559
1991,14,2,0.000246
1991,15,1,0.000667
1991,15,2,0.000303
1991,16,1,0.000719
1991,16,2,0.000333
1991,17,1,0.00077
1991,17,2,0.000364
1991,18,1,0.000821
1991,18,2,0.000394
1991,19,1,0.000873
1991,19,2,0.000424
1991,20,1,0.000924
1991,20,2,0.000455
1991,21,1,0.00113
1991,21,2,0.000484
1991,22,1,0.00133
1991,22,2,0.000513
1991,23,1,0.00154
1991,23,2,0.000542
1991,24,1,0.00174
1991,24,2,0.000571
1991,25,1,0.00195
1991,25,2,0.000601
1991,26,1,0.00211
1991,26,2,0.000741
1991,27,1,0.00228
1991,27,2,0.000881
1991,28,1,0.00244
1991,28,2,0.00102
1991,29,1,0.00261
1991,29,2,0.00116
1991,30,1,0.00277
1991,30,2,0.0013
1991,31,1,0.00385
1991,31,2,0.00155
1991,32,1,0.00492
1991,32,2,0.00179
1991,33,1,0.00599
1991,33,2,0.00204
1991,34,1,0.00707
1991,34,2,0.00228
1991,35,1,0.00814
1991,35,2,0.00253
1991,36,1,0.00978
1991,36,2,0.00291
1991,37,1,0.0114247
1991,37,2,0.00329
1991,38,1,0.0130669
1991,38,2,0.00368
1991,39,1,0.014709
1991,39,2,0.00406
1991,40,1,0.0163512
1991,40,2,0.00444
1991,41,1,0.0189876
1991,41,2,0.00498
1991,42,1,0.021624
1991,42,2,0.00552
1991,43,1,0.0242604
1991,43,2,0.00605
1991,44,1,0.0268968
1991,44,2,0.00659
1991,45,1,0.0295332
1991,45,2,0.00713
1991,46,1,0.033372
1991,46,2,0.00818
1991,47,1,0.0372107
1991,47,2,0.00922
1991,48,1,0.0410495
1991,48,2,0.0102665
1991,49,1,0.0448882
1991,49,2,0.011312
1991,50,1,0.048727
1991,50,2,0.0123576
1991,51,1,0.0551113
1991,51,2,0.0151731
1991,52,1,0.0614956
1991,52,2,0.0179886
1991,53,1,0.06788
1991,53,2,0.0208042
1991,54,1,0.0742643
1991,54,2,0.0236197
1991,55,1,0.0806486
1991,55,2,0.0264352
1991,56,1,0.0914747
1991,56,2,0.030028
1991,57,1,0.1023008
1991,57,2,0.0336209
1991,58,1,0.1131268
1991,58,2,0.0372137
1991,59,1,0.1239529
1991,59,2,0.0408066
1991,60,1,0.134779
1991,60,2,0.0443994
1991,61,1,0.1542706
1991,61,2,0.0549375
1991,62,1,0.1737621
1991,62,2,0.0654756
1991,63,1,0.1932537
1991,63,2,0.0760136
1991,64,1,0.2127452
1991,64,2,0.0865517
1991,65,1,0.2322368
1991,65,2,0.0970898
1991,66,1,0.2575978
1991,66,2,0.1165334
1991,67,1,0.2829587
1991,67,2,0.1359771
1991,68,1,0.3083197
1991,68,2,0.1554207
1991,69,1,0.3336806
1991,69,2,0.1748644
1991,70,1,0.3590416
1991,70,2,0.194308
1991,71,1,0.3863097
1991,71,2,0.2218325
1991,72,1,0.4135778
1991,72,2,0.249357
1991,73,1,0.440846
1991,73,2,0.2768816
1991,74,1,0.4681141
1991,74,2,0.3044061
1991,75,1,0.4953822
1991,75,2,0.3319306
1991,76,1,0.6154979
1991,76,2,0.4199791
1991,77,1,0.7356136
1991,77,2,0.5080276
1991,78,1,0.8557294
1991,78,2,0.596076
1991,79,1,0.9758451
1991,79,2,0.6841245
1991,80,1,1.0959608
1991,80,2,0.772173
1991,81,1,1.0959608
1991,81,2,0.772173
1991,82,1,1.0959608
1991,82,2,0.772173
1991,83,1,1.0959608
1991,83,2,0.772173
1991,84,1,1.0959608
1991,84,2,0.772173
1991,85,1,1.0959608
1991,85,2,0.772173
1991,86,1,1.0959608
1991,86,2,0.772173
1991,87,1,1.0959608
1991,87,2,0.772173
1991,88,1,1.0959608
1991,88,2,0.772173
1991,89,1,1.0959608
1991,89,2,0.772173
1991,90,1,1.0959608
1991,90,2,0.772173
1991,91,1,1.0959608
1991,91,2,0.772173
1991,92,1,1.0959608
1991,92,2,0.772173
1991,93,1,1.0959608
1991,93,2,0.772173
1991,94,1,1.0959608
1991,94,2,0.772173
1991,95,1,1.0959608
1991,95,2,0.772173
1991,96,1,1.0959608
1991,96,2,0.772173
1991,97,1,1.0959608
1991,97,2,0.772173
1991,98,1,1.0959608
1991,98,2,0.772173
1991,99,1,1.0959608
1991,99,2,0.772173
1991,100,1,1.0959608
1991,100,2,0.772173
1991,101,1,1.0959608
1991,101,2,0.772173
1991,102,1,1.0959608
1991,102,2,0.772173
1991,103,1,1.0959608
1991,103,2,0.772173
1992,1,1,6.36e-05
1992,1,2,6.42e-06
1992,2,1,6.66e-05
1992,2,2,1.76e-05
1992,3,1,6.96e-05
1992,3,2,2.88e-05
1992,4,1,7.26e-05
1992,4,2,4e-05
1992,5,1,7.56e-05
1992,5,2,5.12e-05
1992,6,1,8.74e-05
1992,6,2,4.52e-05
1992,7,1,9.91e-05
1992,7,2,3.92e-05
1992,8,1,0.000111
1992,8,2,3.33e-05
1992,9,1,0.000123
1992,9,2,2.73e-05
1992,10,1,0.000134
1992,10,2,2.13e-05
1992,11,1,0.000241
1992,11,2,7.9e-05
1992,12,1,0.000347
1992,12,2,0.000137
1992,13,1,0.000454
1992,13,2,0.000194
1992,14,1,0.000561
1992,14,2,0.000252
1992,15,1,0.000667
1992,15,2,0.00031
1992,16,1,0.000715
1992,16,2,0.000347
1992,17,1,0.000762
1992,17,2,0.000385
1992,18,1,0.000809
1992,18,2,0.000422
1992,19,1,0.000857
1992,19,2,0.00046
1992,20,1,0.000904
1992,20,2,0.000498
1992,21,1,0.00114
1992,21,2,0.000535
1992,22,1,0.00137
1992,22,2,0.000573
1992,23,1,0.0016
1992,23,2,0.000611
1992,24,1,0.00184
1992,24,2,0.000649
1992,25,1,0.00207
1992,25,2,0.000687
1992,26,1,0.00228
1992,26,2,0.000844
1992,27,1,0.0025
1992,27,2,0.001
1992,28,1,0.00271
1992,28,2,0.00116
1992,29,1,0.00292
1992,29,2,0.00132
1992,30,1,0.00313
1992,30,2,0.00147
1992,31,1,0.00435
1992,31,2,0.00174
1992,32,1,0.00556
1992,32,2,0.002
1992,33,1,0.00677
1992,33,2,0.00226
1992,34,1,0.00799
1992,34,2,0.00253
1992,35,1,0.0092
1992,35,2,0.00279
1992,36,1,0.0109163
1992,36,2,0.00317
1992,37,1,0.0126348
1992,37,2,0.00354
1992,38,1,0.0143534
1992,38,2,0.00392
1992,39,1,0.0160719
1992,39,2,0.0043
1992,40,1,0.0177904
1992,40,2,0.00467
1992,41,1,0.0204636
1992,41,2,0.00519
1992,42,1,0.0231368
1992,42,2,0.0057
1992,43,1,0.02581
1992,43,2,0.00621
1992,44,1,0.0284832
1992,44,2,0.00673
1992,45,1,0.0311564
1992,45,2,0.00724
1992,46,1,0.0347899
1992,46,2,0.00825
1992,47,1,0.0384234
1992,47,2,0.00926
1992,48,1,0.042057
1992,48,2,0.0102674
1992,49,1,0.0456905
1992,49,2,0.0112763
1992,50,1,0.049324
1992,50,2,0.0122852
1992,51,1,0.055586
1992,51,2,0.0150512
1992,52,1,0.0618481
1992,52,2,0.0178173
1992,53,1,0.0681101
1992,53,2,0.0205833
1992,54,1,0.0743722
1992,54,2,0.0233494
1992,55,1,0.0806342
1992,55,2,0.0261154
1992,56,1,0.0912816
1992,56,2,0.0296801
1992,57,1,0.1019289
1992,57,2,0.0332448
1992,58,1,0.1125763
1992,58,2,0.0368094
1992,59,1,0.1232236
1992,59,2,0.0403741
1992,60,1,0.133871
1992,60,2,0.0439388
1992,61,1,0.1533289
1992,61,2,0.05442
1992,62,1,0.1727868
1992,62,2,0.0649011
1992,63,1,0.1922448
1992,63,2,0.0753823
1992,64,1,0.2117027
1992,64,2,0.0858634
1992,65,1,0.2311606
1992,65,2,0.0963446
1992,66,1,0.2567381
1992,66,2,0.1157197
1992,67,1,0.2823156
1992,67,2,0.1350948
1992,68,1,0.3078932
1992,68,2,0.1544698
1992,69,1,0.3334707
1992,69,2,0.1738449
1992,70,1,0.3590482
1992,70,2,0.19322
1992,71,1,0.3866898
1992,71,2,0.220855
1992,72,1,0.4143315
1992,72,2,0.2484901
1992,73,1,0.4419731
1992,73,2,0.2761251
1992,74,1,0.4696148
1992,74,2,0.3037602
1992,75,1,0.4972564
1992,75,2,0.3313952
1992,76,1,0.6188042
1992,76,2,0.4202466
1992,77,1,0.7403521
1992,77,2,0.5090979
1992,78,1,0.8618999
1992,78,2,0.5979493
1992,79,1,0.9834478
1992,79,2,0.6868006
1992,80,1,1.1049956
1992,80,2,0.775652
1992,81,1,1.1049956
1992,81,2,0.775652
1992,82,1,1.1049956
1992,82,2,0.775652
1992,83,1,1.1049956
1992,83,2,0.775652
1992,84,1,1.1049956
1992,84,2,0.775652
1992,85,1,1.1049956
1992,85,2,0.775652
1992,86,1,1.1049956
1992,86,2,0.775652
1992,87,1,1.1049956
1992,87,2,0.775652
1992,88,1,1.1049956
1992,88,2,0.775652
1992,89,1,1.1049956
1992,89,2,0.775652
1992,90,1,1.1049956
1992,90,2,0.775652
1992,91,1,1.1049956
1992,91,2,0.775652
1992,92,1,1.1049956
1992,92,2,0.775652
1992,93,1,1.1049956
1992,93,2,0.775652
1992,94,1,1.1049956
1992,94,2,0.775652
1992,95,1,1.1049956
1992,95,2,0.775652
1992,96,1,1.1049956
1992,96,2,0.775652
1992,97,1,1.1049956
1992,97,2,0.775652
1992,98,1,1.1049956
1992,98,2,0.775652
1992,99,1,1.1049956
1992,99,2,0.775652
1992,100,1,1.1049956
1992,100,2,0.775652
1992,101,1,1.1049956
1992,101,2,0.775652
1992,102,1,1.1049956
1992,102,2,0.775652
1992,103,1,1.1049956
1992,103,2,0.775652
1993,1,1,6.18e-05
1993,1,2,6.15e-06
1993,2,1,6.6e-05
1993,2,2,1.78e-05
1993,3,1,7.01e-05
1993,3,2,2.94e-05
1993,4,1,7.43e-05
1993,4,2,4.1e-05
1993,5,1,7.85e-05
1993,5,2,5.27e-05
1993,6,1,9.11e-05
1993,6,2,4.65e-05
1993,7,1,0.000104
1993,7,2,4.04e-05
1993,8,1,0.000116
1993,8,2,3.43e-05
1993,9,1,0.000129
1993,9,2,2.82e-05
1993,10,1,0.000141
1993,10,2,2.21e-05
1993,11,1,0.000247
1993,11,2,8.09e-05
1993,12,1,0.000352
1993,12,2,0.00014
1993,13,1,0.000457
1993,13,2,0.000199
1993,14,1,0.000562
1993,14,2,0.000257
1993,15,1,0.000667
1993,15,2,0.000316
1993,16,1,0.000711
1993,16,2,0.000361
1993,17,1,0.000754
1993,17,2,0.000406
1993,18,1,0.000798
1993,18,2,0.000451
1993,19,1,0.000841
1993,19,2,0.000496
1993,20,1,0.000884
1993,20,2,0.000541
1993,21,1,0.00115
1993,21,2,0.000587
1993,22,1,0.00141
1993,22,2,0.000634
1993,23,1,0.00167
1993,23,2,0.00068
1993,24,1,0.00193
1993,24,2,0.000726
1993,25,1,0.00219
1993,25,2,0.000772
1993,26,1,0.00245
1993,26,2,0.000947
1993,27,1,0.00271
1993,27,2,0.00112
1993,28,1,0.00297
1993,28,2,0.0013
1993,29,1,0.00323
1993,29,2,0.00147
1993,30,1,0.00349
1993,30,2,0.00165
1993,31,1,0.00485
1993,31,2,0.00193
1993,32,1,0.0062
1993,32,2,0.00221
1993,33,1,0.00755
1993,33,2,0.00249
1993,34,1,0.0089
1993,34,2,0.00277
1993,35,1,0.0102552
1993,35,2,0.00305
1993,36,1,0.0120501
1993,36,2,0.00342
1993,37,1,0.013845
1993,37,2,0.00379
1993,38,1,0.0156398
1993,38,2,0.00416
1993,39,1,0.0174347
1993,39,2,0.00454
1993,40,1,0.0192296
1993,40,2,0.00491
1993,41,1,0.0219396
1993,41,2,0.0054
1993,42,1,0.0246496
1993,42,2,0.00589
1993,43,1,0.0273596
1993,43,2,0.00637
1993,44,1,0.0300696
1993,44,2,0.00686
1993,45,1,0.0327796
1993,45,2,0.00735
1993,46,1,0.0362079
1993,46,2,0.00832
1993,47,1,0.0396362
1993,47,2,0.0093
1993,48,1,0.0430644
1993,48,2,0.0102682
1993,49,1,0.0464927
1993,49,2,0.0112405
1993,50,1,0.049921
1993,50,2,0.0122128
1993,51,1,0.0560608
1993,51,2,0.0149294
1993,52,1,0.0622005
1993,52,2,0.0176459
1993,53,1,0.0683403
1993,53,2,0.0203625
1993,54,1,0.07448
1993,54,2,0.023079
1993,55,1,0.0806198
1993,55,2,0.0257956
1993,56,1,0.0910884
1993,56,2,0.0293321
1993,57,1,0.1015571
1993,57,2,0.0328686
1993,58,1,0.1120257
1993,58,2,0.0364052
1993,59,1,0.1224944
1993,59,2,0.0399417
1993,60,1,0.132963
1993,60,2,0.0434782
1993,61,1,0.1523873
1993,61,2,0.0539024
1993,62,1,0.1718116
1993,62,2,0.0643267
1993,63,1,0.1912358
1993,63,2,0.0747509
1993,64,1,0.2106601
1993,64,2,0.0851752
1993,65,1,0.2300844
1993,65,2,0.0955994
1993,66,1,0.2558785
1993,66,2,0.1149059
1993,67,1,0.2816726
1993,67,2,0.1342124
1993,68,1,0.3074666
1993,68,2,0.153519
1993,69,1,0.3332607
1993,69,2,0.1728255
1993,70,1,0.3590548
1993,70,2,0.192132
1993,71,1,0.38707
1993,71,2,0.2198776
1993,72,1,0.4150851
1993,72,2,0.2476231
1993,73,1,0.4431003
1993,73,2,0.2753687
1993,74,1,0.4711154
1993,74,2,0.3031142
1993,75,1,0.4991306
1993,75,2,0.3308598
1993,76,1,0.6221106
1993,76,2,0.420514
1993,77,1,0.7450905
1993,77,2,0.5101683
1993,78,1,0.8680705
1993,78,2,0.5998225
1993,79,1,0.9910504
1993,79,2,0.6894768
1993,80,1,1.1140304
1993,80,2,0.779131
1993,81,1,1.1140304
1993,81,2,0.779131
1993,82,1,1.1140304
1993,82,2,0.779131
1993,83,1,1.1140304
1993,83,2,0.779131
1993,84,1,1.1140304
1993,84,2,0.779131
1993,85,1,1.1140304
1993,85,2,0.779131
1993,86,1,1.1140304
1993,86,2,0.779131
1993,87,1,1.1140304
1993,87,2,0.779131
1993,88,1,1.1140304
1993,88,2,0.779131
1993,89,1,1.1140304
1993,89,2,0.779131
1993,90,1,1.1140304
1993,90,2,0.779131
1993,91,1,1.1140304
1993,91,2,0.779131
1993,92,1,1.1140304
1993,92,2,0.779131
1993,93,1,1.1140304
1993,93,2,0.779131
1993,94,1,1.1140304
1993,94,2,0.779131
1993,95,1,1.1140304
1993,95,2,0.779131
1993,96,1,1.1140304
1993,96,2,0.779131
1993,97,1,1.1140304
1993,97,2,0.779131
1993,98,1,1.1140304
1993,98,2,0.779131
1993,99,1,1.1140304
1993,99,2,0.779131
1993,100,1,1.1140304
1993,100,2,0.779131
1993,101,1,1.1140304
1993,101,2,0.779131
1993,102,1,1.1140304
1993,102,2,0.779131
1993,103,1,1.1140304
1993,103,2,0.779131
1994,1,1,6e-05
1994,1,2,5.88e-06
1994,2,1,6.53e-05
1994,2,2,1.79e-05
1994,3,1,7.06e-05
1994,3,2,3e-05
1994,4,1,7.6e-05
1994,4,2,4.21e-05
1994,5,1,8.13e-05
1994,5,2,5.41e-05
1994,6,1,9.47e-05
1994,6,2,4.79e-05
1994,7,1,0.000108
1994,7,2,4.16e-05
1994,8,1,0.000122
1994,8,2,3.53e-05
1994,9,1,0.000135
1994,9,2,2.9e-05
1994,10,1,0.000148
1994,10,2,2.28e-05
1994,11,1,0.000252
1994,11,2,8.28e-05
1994,12,1,0.000356
1994,12,2,0.000143
1994,13,1,0.00046
1994,13,2,0.000203
1994,14,1,0.000563
1994,14,2,0.000263
1994,15,1,0.000667
1994,15,2,0.000323
1994,16,1,0.000707
1994,16,2,0.000375
1994,17,1,0.000746
1994,17,2,0.000427
1994,18,1,0.000786
1994,18,2,0.00048
1994,19,1,0.000825
1994,19,2,0.000532
1994,20,1,0.000865
1994,20,2,0.000584
1994,21,1,0.00116
1994,21,2,0.000639
1994,22,1,0.00145
1994,22,2,0.000694
1994,23,1,0.00174
1994,23,2,0.000749
1994,24,1,0.00203
1994,24,2,0.000803
1994,25,1,0.00232
1994,25,2,0.000858
1994,26,1,0.00262
1994,26,2,0.00105
1994,27,1,0.00293
1994,27,2,0.00124
1994,28,1,0.00324
1994,28,2,0.00144
1994,29,1,0.00355
1994,29,2,0.00163
1994,30,1,0.00385
1994,30,2,0.00182
1994,31,1,0.00535
1994,31,2,0.00212
1994,32,1,0.00684
1994,32,2,0.00241
1994,33,1,0.00833
1994,33,2,0.00271
1994,34,1,0.00982
1994,34,2,0.00301
1994,35,1,0.0113126
1994,35,2,0.0033
1994,36,1,0.0131838
1994,36,2,0.00367
1994,37,1,0.0150551
1994,37,2,0.00404
1994,38,1,0.0169263
1994,38,2,0.00441
1994,39,1,0.0187976
1994,39,2,0.00478
1994,40,1,0.0206688
1994,40,2,0.00514
1994,41,1,0.0234156
1994,41,2,0.00561
1994,42,1,0.0261624
1994,42,2,0.00607
1994,43,1,0.0289092
1994,43,2,0.00653
1994,44,1,0.031656
1994,44,2,0.007
1994,45,1,0.0344028
1994,45,2,0.00746
1994,46,1,0.0376258
1994,46,2,0.0084
1994,47,1,0.0408489
1994,47,2,0.00933
1994,48,1,0.0440719
1994,48,2,0.0102691
1994,49,1,0.047295
1994,49,2,0.0112048
1994,50,1,0.050518
1994,50,2,0.0121404
1994,51,1,0.0565355
1994,51,2,0.0148075
1994,52,1,0.062553
1994,52,2,0.0174746
1994,53,1,0.0685704
1994,53,2,0.0201416
1994,54,1,0.0745879
1994,54,2,0.0228087
1994,55,1,0.0806054
1994,55,2,0.0254758
1994,56,1,0.0908953
1994,56,2,0.0289842
1994,57,1,0.1011852
1994,57,2,0.0324925
1994,58,1,0.1114752
1994,58,2,0.0360009
1994,59,1,0.1217651
1994,59,2,0.0395092
1994,60,1,0.132055
1994,60,2,0.0430176
1994,61,1,0.1514456
1994,61,2,0.0533849
1994,62,1,0.1708363
1994,62,2,0.0637522
1994,63,1,0.1902269
1994,63,2,0.0741196
1994,64,1,0.2096176
1994,64,2,0.0844869
1994,65,1,0.2290082
1994,65,2,0.0948542
1994,66,1,0.2550188
1994,66,2,0.1140922
1994,67,1,0.2810295
1994,67,2,0.1333301
1994,68,1,0.3070401
1994,68,2,0.1525681
1994,69,1,0.3330508
1994,69,2,0.171806
1994,70,1,0.3590614
1994,70,2,0.191044
1994,71,1,0.3874501
1994,71,2,0.2189001
1994,72,1,0.4158388
1994,72,2,0.2467562
1994,73,1,0.4442274
1994,73,2,0.2746122
1994,74,1,0.4726161
1994,74,2,0.3024683
1994,75,1,0.5010048
1994,75,2,0.3303244
1994,76,1,0.6254169
1994,76,2,0.4207815
1994,77,1,0.749829
1994,77,2,0.5112386
1994,78,1,0.874241
1994,78,2,0.6016958
1994,79,1,0.9986531
1994,79,2,0.6921529
1994,80,1,1.1230652
1994,80,2,0.78261
1994,81,1,1.1230652
1994,81,2,0.78261
1994,82,1,1.1230652
1994,82,2,0.78261
1994,83,1,1.1230652
1994,83,2,0.78261
1994,84,1,1.1230652
1994,84,2,0.78261
1994,85,1,1.1230652
1994,85,2,0.78261
1994,86,1,1.1230652
1994,86,2,0.78261
1994,87,1,1.1230652
1994,87,2,0.78261
1994,88,1,1.1230652
1994,88,2,0.78261
1994,89,1,1.1230652
1994,89,2,0.78261
1994,90,1,1.1230652
1994,90,2,0.78261
1994,91,1,1.1230652
1994,91,2,0.78261
1994,92,1,1.1230652
1994,92,2,0.78261
1994,93,1,1.1230652
1994,93,2,0.78261
1994,94,1,1.1230652
1994,94,2,0.78261
1994,95,1,1.1230652
1994,95,2,0.78261
1994,96,1,1.1230652
1994,96,2,0.78261
1994,97,1,1.1230652
1994,97,2,0.78261
1994,98,1,1.1230652
1994,98,2,0.78261
1994,99,1,1.1230652
1994,99,2,0.78261
1994,100,1,1.1230652
1994,100,2,0.78261
1994,101,1,1.1230652
1994,101,2,0.78261
1994,102,1,1.1230652
1994,102,2,0.78261
1994,103,1,1.1230652
1994,103,2,0.78261
1995,1,1,5.81e-05
1995,1,2,5.62e-06
1995,2,1,6.46e-05
1995,2,2,1.81e-05
1995,3,1,7.12e-05
1995,3,2,3.06e-05
1995,4,1,7.77e-05
1995,4,2,4.31e-05
1995,5,1,8.42e-05
1995,5,2,5.56e-05
1995,6,1,9.84e-05
1995,6,2,4.92e-05
1995,7,1,0.000113
1995,7,2,4.28e-05
1995,8,1,0.000127
1995,8,2,3.63e-05
1995,9,1,0.000141
1995,9,2,2.99e-05
1995,10,1,0.000155
1995,10,2,2.35e-05
1995,11,1,0.000258
1995,11,2,8.47e-05
1995,12,1,0.00036
1995,12,2,0.000146
1995,13,1,0.000462
1995,13,2,0.000207
1995,14,1,0.000565
1995,14,2,0.000268
1995,15,1,0.000667
1995,15,2,0.00033
1995,16,1,0.000703
1995,16,2,0.000389
1995,17,1,0.000738
1995,17,2,0.000449
1995,18,1,0.000774
1995,18,2,0.000508
1995,19,1,0.000809
1995,19,2,0.000568
1995,20,1,0.000845
1995,20,2,0.000627
1995,21,1,0.00116
1995,21,2,0.000691
1995,22,1,0.00148
1995,22,2,0.000754
1995,23,1,0.0018
1995,23,2,0.000817
1995,24,1,0.00212
1995,24,2,0.000881
1995,25,1,0.00244
1995,25,2,0.000944
1995,26,1,0.00279
1995,26,2,0.00115
1995,27,1,0.00315
1995,27,2,0.00136
1995,28,1,0.0035
1995,28,2,0.00157
1995,29,1,0.00386
1995,29,2,0.00178
1995,30,1,0.00421
1995,30,2,0.00199
1995,31,1,0.00584
1995,31,2,0.00231
1995,32,1,0.00748
1995,32,2,0.00262
1995,33,1,0.00911
1995,33,2,0.00294
1995,34,1,0.0107386
1995,34,2,0.00325
1995,35,1,0.01237
1995,35,2,0.00356
1995,36,1,0.0143176
1995,36,2,0.00393
1995,37,1,0.0162652
1995,37,2,0.00429
1995,38,1,0.0182128
1995,38,2,0.00465
1995,39,1,0.0201604
1995,39,2,0.00502
1995,40,1,0.022108
1995,40,2,0.00538
1995,41,1,0.0248916
1995,41,2,0.00582
1995,42,1,0.0276752
1995,42,2,0.00626
1995,43,1,0.0304588
1995,43,2,0.0067
1995,44,1,0.0332424
1995,44,2,0.00713
1995,45,1,0.036026
1995,45,2,0.00757
1995,46,1,0.0390438
1995,46,2,0.00847
1995,47,1,0.0420616
1995,47,2,0.00937
1995,48,1,0.0450794
1995,48,2,0.01027
1995,49,1,0.0480972
1995,49,2,0.011169
1995,50,1,0.051115
1995,50,2,0.012068
1995,51,1,0.0570102
1995,51,2,0.0146856
1995,52,1,0.0629054
1995,52,2,0.0173032
1995,53,1,0.0688006
1995,53,2,0.0199208
1995,54,1,0.0746958
1995,54,2,0.0225384
1995,55,1,0.080591
1995,55,2,0.025156
1995,56,1,0.0907022
1995,56,2,0.0286362
1995,57,1,0.1008134
1995,57,2,0.0321164
1995,58,1,0.1109246
1995,58,2,0.0355966
1995,59,1,0.1210358
1995,59,2,0.0390768
1995,60,1,0.131147
1995,60,2,0.042557
1995,61,1,0.150504
1995,61,2,0.0528674
1995,62,1,0.169861
1995,62,2,0.0631778
1995,63,1,0.189218
1995,63,2,0.0734882
1995,64,1,0.208575
1995,64,2,0.0837986
1995,65,1,0.227932
1995,65,2,0.094109
1995,66,1,0.2541592
1995,66,2,0.1132784
1995,67,1,0.2803864
1995,67,2,0.1324478
1995,68,1,0.3066136
1995,68,2,0.1516172
1995,69,1,0.3328408
1995,69,2,0.1707866
1995,70,1,0.359068
1995,70,2,0.189956
1995,71,1,0.3878302
1995,71,2,0.2179226
1995,72,1,0.4165924
1995,72,2,0.2458892
1995,73,1,0.4453546
1995,73,2,0.2738558
1995,74,1,0.4741168
1995,74,2,0.3018224
1995,75,1,0.502879
1995,75,2,0.329789
1995,76,1,0.6287232
1995,76,2,0.421049
1995,77,1,0.7545674
1995,77,2,0.512309
1995,78,1,0.8804116
1995,78,2,0.603569
1995,79,1,1.0062558
1995,79,2,0.694829
1995,80,1,1.1321
1995,80,2,0.786089
1995,81,1,1.1321
1995,81,2,0.786089
1995,82,1,1.1321
1995,82,2,0.786089
1995,83,1,1.1321
1995,83,2,0.786089
1995,84,1,1.1321
1995,84,2,0.786089
1995,85,1,1.1321
1995,85,2,0.786089
1995,86,1,1.1321
1995,86,2,0.786089
1995,87,1,1.1321
1995,87,2,0.786089
1995,88,1,1.1321
1995,88,2,0.786089
1995,89,1,1.1321
1995,89,2,0.786089
1995,90,1,1.1321
1995,90,2,0.786089
1995,91,1,1.1321
1995,91,2,0.786089
1995,92,1,1.1321
1995,92,2,0.786089
1995,93,1,1.1321
1995,93,2,0.786089
1995,94,1,1.1321
1995,94,2,0.786089
1995,95,1,1.1321
1995,95,2,0.786089
1995,96,1,1.1321
1995,96,2,0.786089
1995,97,1,1.1321
1995,97,2,0.786089
1995,98,1,1.1321
1995,98,2,0.786089
1995,99,1,1.1321
1995,99,2,0.786089
1995,100,1,1.1321
1995,100,2,0.786089
1995,101,1,1.1321
1995,101,2,0.786089
1995,102,1,1.1321
1995,102,2,0.786089
1995,103,1,1.1321
1995,103,2,0.786089
1996,1,1,5.74e-05
1996,1,2,5.52e-06
1996,2,1,6.41e-05
1996,2,2,1.78e-05
1996,3,1,7.08e-05
1996,3,2,3e-05
1996,4,1,7.74e-05
1996,4,2,4.22e-05
1996,5,1,8.41e-05
1996,5,2,5.45e-05
1996,6,1,9.92e-05
1996,6,2,4.83e-05
1996,7,1,0.000114
1996,7,2,4.21e-05
1996,8,1,0.000129
1996,8,2,3.59e-05
1996,9,1,0.000144
1996,9,2,2.97e-05
1996,10,1,0.000159
1996,10,2,2.35e-05
1996,11,1,0.000265
1996,11,2,8.95e-05
1996,12,1,0.000372
1996,12,2,0.000156
1996,13,1,0.000478
1996,13,2,0.000222
1996,14,1,0.000584
1996,14,2,0.000288
1996,15,1,0.00069
1996,15,2,0.000354
1996,16,1,0.000736
1996,16,2,0.000431
1996,17,1,0.000781
1996,17,2,0.000509
1996,18,1,0.000827
1996,18,2,0.000586
1996,19,1,0.000873
1996,19,2,0.000664
1996,20,1,0.000919
1996,20,2,0.000742
1996,21,1,0.00127
1996,21,2,0.000813
1996,22,1,0.00162
1996,22,2,0.000885
1996,23,1,0.00197
1996,23,2,0.000957
1996,24,1,0.00232
1996,24,2,0.00103
1996,25,1,0.00267
1996,25,2,0.0011
1996,26,1,0.00304
1996,26,2,0.00132
1996,27,1,0.00341
1996,27,2,0.00155
1996,28,1,0.00378
1996,28,2,0.00177
1996,29,1,0.00416
1996,29,2,0.00199
1996,30,1,0.00453
1996,30,2,0.00222
1996,31,1,0.00625
1996,31,2,0.00254
1996,32,1,0.00798
1996,32,2,0.00286
1996,33,1,0.00971
1996,33,2,0.00318
1996,34,1,0.0114333
1996,34,2,0.0035
1996,35,1,0.0131596
1996,35,2,0.00382
1996,36,1,0.0151084
1996,36,2,0.00415
1996,37,1,0.0170571
1996,37,2,0.00448
1996,38,1,0.0190059
1996,38,2,0.0048
1996,39,1,0.0209546
1996,39,2,0.00513
1996,40,1,0.0229034
1996,40,2,0.00546
1996,41,1,0.0255919
1996,41,2,0.00586
1996,42,1,0.0282804
1996,42,2,0.00625
1996,43,1,0.030969
1996,43,2,0.00665
1996,44,1,0.0336575
1996,44,2,0.00705
1996,45,1,0.036346
1996,45,2,0.00745
1996,46,1,0.0391544
1996,46,2,0.00827
1996,47,1,0.0419628
1996,47,2,0.00909
1996,48,1,0.0447712
1996,48,2,0.00991
1996,49,1,0.0475796
1996,49,2,0.0107327
1996,50,1,0.050388
1996,50,2,0.0115538
1996,51,1,0.0562516
1996,51,2,0.0140748
1996,52,1,0.0621151
1996,52,2,0.0165959
1996,53,1,0.0679787
1996,53,2,0.0191169
1996,54,1,0.0738422
1996,54,2,0.021638
1996,55,1,0.0797058
1996,55,2,0.024159
1996,56,1,0.0895873
1996,56,2,0.0275536
1996,57,1,0.0994688
1996,57,2,0.0309481
1996,58,1,0.1093502
1996,58,2,0.0343427
1996,59,1,0.1192317
1996,59,2,0.0377372
1996,60,1,0.1291132
1996,60,2,0.0411318
1996,61,1,0.1484424
1996,61,2,0.0512011
1996,62,1,0.1677717
1996,62,2,0.0612704
1996,63,1,0.1871009
1996,63,2,0.0713398
1996,64,1,0.2064302
1996,64,2,0.0814091
1996,65,1,0.2257594
1996,65,2,0.0914784
1996,66,1,0.2520678
1996,66,2,0.1103937
1996,67,1,0.2783761
1996,67,2,0.129309
1996,68,1,0.3046845
1996,68,2,0.1482244
1996,69,1,0.3309928
1996,69,2,0.1671397
1996,70,1,0.3573012
1996,70,2,0.186055
1996,71,1,0.3862888
1996,71,2,0.2139533
1996,72,1,0.4152765
1996,72,2,0.2418516
1996,73,1,0.4442641
1996,73,2,0.26975
1996,74,1,0.4732518
1996,74,2,0.2976483
1996,75,1,0.5022394
1996,75,2,0.3255466
1996,76,1,0.6296665
1996,76,2,0.4174762
1996,77,1,0.7570936
1996,77,2,0.5094057
1996,78,1,0.8845208
1996,78,2,0.6013353
1996,79,1,1.0119479
1996,79,2,0.6932648
1996,80,1,1.139375
1996,80,2,0.7851944
1996,81,1,1.139375
1996,81,2,0.7851944
1996,82,1,1.139375
1996,82,2,0.7851944
1996,83,1,1.139375
1996,83,2,0.7851944
1996,84,1,1.139375
1996,84,2,0.7851944
1996,85,1,1.139375
1996,85,2,0.7851944
1996,86,1,1.139375
1996,86,2,0.7851944
1996,87,1,1.139375
1996,87,2,0.7851944
1996,88,1,1.139375
1996,88,2,0.7851944
1996,89,1,1.139375
1996,89,2,0.7851944
1996,90,1,1.139375
1996,90,2,0.7851944
1996,91,1,1.139375
1996,91,2,0.7851944
1996,92,1,1.139375
1996,92,2,0.7851944
1996,93,1,1.139375
1996,93,2,0.7851944
1996,94,1,1.139375
1996,94,2,0.7851944
1996,95,1,1.139375
1996,95,2,0.7851944
1996,96,1,1.139375
1996,96,2,0.7851944
1996,97,1,1.139375
1996,97,2,0.7851944
1996,98,1,1.139375
1996,98,2,0.7851944
1996,99,1,1.139375
1996,99,2,0.7851944
1996,100,1,1.139375
1996,100,2,0.7851944
1996,101,1,1.139375
1996,101,2,0.7851944
1996,102,1,1.139375
1996,102,2,0.7851944
1996,103,1,1.139375
1996,103,2,0.7851944
1997,1,1,5.66e-05
1997,1,2,5.43e-06
1997,2,1,6.35e-05
1997,2,2,1.74e-05
1997,3,1,7.04e-05
1997,3,2,2.94e-05
1997,4,1,7.72e-05
1997,4,2,4.14e-05
1997,5,1,8.41e-05
1997,5,2,5.34e-05
1997,6,1,9.99e-05
1997,6,2,4.74e-05
1997,7,1,0.000116
1997,7,2,4.14e-05
1997,8,1,0.000132
1997,8,2,3.54e-05
1997,9,1,0.000148
1997,9,2,2.94e-05
1997,10,1,0.000163
1997,10,2,2.34e-05
1997,11,1,0.000273
1997,11,2,9.43e-05
1997,12,1,0.000383
1997,12,2,0.000165
1997,13,1,0.000493
1997,13,2,0.000236
1997,14,1,0.000603
1997,14,2,0.000307
1997,15,1,0.000712
1997,15,2,0.000378
1997,16,1,0.000768
1997,16,2,0.000473
1997,17,1,0.000825
1997,17,2,0.000569
1997,18,1,0.000881
1997,18,2,0.000665
1997,19,1,0.000937
1997,19,2,0.000761
1997,20,1,0.000993
1997,20,2,0.000856
1997,21,1,0.00137
1997,21,2,0.000936
1997,22,1,0.00176
1997,22,2,0.00102
1997,23,1,0.00214
1997,23,2,0.0011
1997,24,1,0.00252
1997,24,2,0.00118
1997,25,1,0.0029
1997,25,2,0.00126
1997,26,1,0.00329
1997,26,2,0.00149
1997,27,1,0.00368
1997,27,2,0.00173
1997,28,1,0.00407
1997,28,2,0.00197
1997,29,1,0.00445
1997,29,2,0.0022
1997,30,1,0.00484
1997,30,2,0.00244
1997,31,1,0.00666
1997,31,2,0.00277
1997,32,1,0.00849
1997,32,2,0.00309
1997,33,1,0.0103067
1997,33,2,0.00342
1997,34,1,0.012128
1997,34,2,0.00375
1997,35,1,0.0139492
1997,35,2,0.00408
1997,36,1,0.0158991
1997,36,2,0.00437
1997,37,1,0.017849
1997,37,2,0.00466
1997,38,1,0.019799
1997,38,2,0.00495
1997,39,1,0.0217489
1997,39,2,0.00525
1997,40,1,0.0236988
1997,40,2,0.00554
1997,41,1,0.0262922
1997,41,2,0.0059
1997,42,1,0.0288857
1997,42,2,0.00625
1997,43,1,0.0314791
1997,43,2,0.00661
1997,44,1,0.0340726
1997,44,2,0.00697
1997,45,1,0.036666
1997,45,2,0.00732
1997,46,1,0.039265
1997,46,2,0.00807
1997,47,1,0.041864
1997,47,2,0.00881
1997,48,1,0.044463
1997,48,2,0.00955
1997,49,1,0.047062
1997,49,2,0.0102964
1997,50,1,0.049661
1997,50,2,0.0110396
1997,51,1,0.0554929
1997,51,2,0.0134641
1997,52,1,0.0613248
1997,52,2,0.0158886
1997,53,1,0.0671568
1997,53,2,0.018313
1997,54,1,0.0729887
1997,54,2,0.0207375
1997,55,1,0.0788206
1997,55,2,0.023162
1997,56,1,0.0884724
1997,56,2,0.0264709
1997,57,1,0.0981241
1997,57,2,0.0297798
1997,58,1,0.1077759
1997,58,2,0.0330888
1997,59,1,0.1174276
1997,59,2,0.0363977
1997,60,1,0.1270794
1997,60,2,0.0397066
1997,61,1,0.1463809
1997,61,2,0.0495348
1997,62,1,0.1656824
1997,62,2,0.0593631
1997,63,1,0.1849838
1997,63,2,0.0691913
1997,64,1,0.2042853
1997,64,2,0.0790196
1997,65,1,0.2235868
1997,65,2,0.0888478
1997,66,1,0.2499763
1997,66,2,0.107509
1997,67,1,0.2763658
1997,67,2,0.1261703
1997,68,1,0.3027554
1997,68,2,0.1448315
1997,69,1,0.3291449
1997,69,2,0.1634928
1997,70,1,0.3555344
1997,70,2,0.182154
1997,71,1,0.3847475
1997,71,2,0.209984
1997,72,1,0.4139606
1997,72,2,0.2378141
1997,73,1,0.4431736
1997,73,2,0.2656441
1997,74,1,0.4723867
1997,74,2,0.2934742
1997,75,1,0.5015998
1997,75,2,0.3213042
1997,76,1,0.6306098
1997,76,2,0.4139033
1997,77,1,0.7596199
1997,77,2,0.5065024
1997,78,1,0.8886299
1997,78,2,0.5991016
1997,79,1,1.01764
1997,79,2,0.6917007
1997,80,1,1.14665
1997,80,2,0.7842998
1997,81,1,1.14665
1997,81,2,0.7842998
1997,82,1,1.14665
1997,82,2,0.7842998
1997,83,1,1.14665
1997,83,2,0.7842998
1997,84,1,1.14665
1997,84,2,0.7842998
1997,85,1,1.14665
1997,85,2,0.7842998
1997,86,1,1.14665
1997,86,2,0.7842998
1997,87,1,1.14665
1997,87,2,0.7842998
1997,88,1,1.14665
1997,88,2,0.7842998
1997,89,1,1.14665
1997,89,2,0.7842998
1997,90,1,1.14665
1997,90,2,0.7842998
1997,91,1,1.14665
1997,91,2,0.7842998
1997,92,1,1.14665
1997,92,2,0.7842998
1997,93,1,1.14665
1997,93,2,0.7842998
1997,94,1,1.14665
1997,94,2,0.7842998
1997,95,1,1.14665
1997,95,2,0.7842998
1997,96,1,1.14665
1997,96,2,0.7842998
1997,97,1,1.14665
1997,97,2,0.7842998
1997,98,1,1.14665
1997,98,2,0.7842998
1997,99,1,1.14665
1997,99,2,0.7842998
1997,100,1,1.14665
1997,100,2,0.7842998
1997,101,1,1.14665
1997,101,2,0.7842998
1997,102,1,1.14665
1997,102,2,0.7842998
1997,103,1,1.14665
1997,103,2,0.7842998
1998,1,1,5.59e-05
1998,1,2,5.33e-06
1998,2,1,6.29e-05
1998,2,2,1.71e-05
1998,3,1,7e-05
1998,3,2,2.88e-05
1998,4,1,7.7e-05
1998,4,2,4.05e-05
1998,5,1,8.41e-05
1998,5,2,5.22e-05
1998,6,1,0.000101
1998,6,2,4.65e-05
1998,7,1,0.000117
1998,7,2,4.07e-05
1998,8,1,0.000134
1998,8,2,3.49e-05
1998,9,1,0.000151
1998,9,2,2.92e-05
1998,10,1,0.000167
1998,10,2,2.34e-05
1998,11,1,0.000281
1998,11,2,9.91e-05
1998,12,1,0.000394
1998,12,2,0.000175
1998,13,1,0.000508
1998,13,2,0.00025
1998,14,1,0.000622
1998,14,2,0.000326
1998,15,1,0.000735
1998,15,2,0.000402
1998,16,1,0.000801
1998,16,2,0.000516
1998,17,1,0.000868
1998,17,2,0.000629
1998,18,1,0.000934
1998,18,2,0.000743
1998,19,1,0.001
1998,19,2,0.000857
1998,20,1,0.00107
1998,20,2,0.000971
1998,21,1,0.00148
1998,21,2,0.00106
1998,22,1,0.00189
1998,22,2,0.00115
1998,23,1,0.0023
1998,23,2,0.00124
1998,24,1,0.00272
1998,24,2,0.00132
1998,25,1,0.00313
1998,25,2,0.00141
1998,26,1,0.00353
1998,26,2,0.00166
1998,27,1,0.00394
1998,27,2,0.00191
1998,28,1,0.00435
1998,28,2,0.00216
1998,29,1,0.00475
1998,29,2,0.00241
1998,30,1,0.00516
1998,30,2,0.00266
1998,31,1,0.00707
1998,31,2,0.003
1998,32,1,0.00899
1998,32,2,0.00333
1998,33,1,0.0109065
1998,33,2,0.00366
1998,34,1,0.0128226
1998,34,2,0.004
1998,35,1,0.0147388
1998,35,2,0.00433
1998,36,1,0.0166899
1998,36,2,0.00459
1998,37,1,0.018641
1998,37,2,0.00485
1998,38,1,0.020592
1998,38,2,0.00511
1998,39,1,0.0225431
1998,39,2,0.00536
1998,40,1,0.0244942
1998,40,2,0.00562
1998,41,1,0.0269926
1998,41,2,0.00594
1998,42,1,0.0294909
1998,42,2,0.00625
1998,43,1,0.0319893
1998,43,2,0.00657
1998,44,1,0.0344876
1998,44,2,0.00688
1998,45,1,0.036986
1998,45,2,0.0072
1998,46,1,0.0393756
1998,46,2,0.00786
1998,47,1,0.0417652
1998,47,2,0.00853
1998,48,1,0.0441548
1998,48,2,0.00919
1998,49,1,0.0465444
1998,49,2,0.00986
1998,50,1,0.048934
1998,50,2,0.0105254
1998,51,1,0.0547343
1998,51,2,0.0128533
1998,52,1,0.0605346
1998,52,2,0.0151812
1998,53,1,0.0663348
1998,53,2,0.0175092
1998,54,1,0.0721351
1998,54,2,0.0198371
1998,55,1,0.0779354
1998,55,2,0.022165
1998,56,1,0.0873574
1998,56,2,0.0253883
1998,57,1,0.0967795
1998,57,2,0.0286116
1998,58,1,0.1062015
1998,58,2,0.0318348
1998,59,1,0.1156236
1998,59,2,0.0350581
1998,60,1,0.1250456
1998,60,2,0.0382814
1998,61,1,0.1443193
1998,61,2,0.0478686
1998,62,1,0.163593
1998,62,2,0.0574557
1998,63,1,0.1828668
1998,63,2,0.0670429
1998,64,1,0.2021405
1998,64,2,0.07663
1998,65,1,0.2214142
1998,65,2,0.0862172
1998,66,1,0.2478849
1998,66,2,0.1046244
1998,67,1,0.2743556
1998,67,2,0.1230315
1998,68,1,0.3008262
1998,68,2,0.1414387
1998,69,1,0.3272969
1998,69,2,0.1598458
1998,70,1,0.3537676
1998,70,2,0.178253
1998,71,1,0.3832061
1998,71,2,0.2060148
1998,72,1,0.4126446
1998,72,2,0.2337765
1998,73,1,0.4420832
1998,73,2,0.2615383
1998,74,1,0.4715217
1998,74,2,0.2893
1998,75,1,0.5009602
1998,75,2,0.3170618
1998,76,1,0.6315532
1998,76,2,0.4103305
1998,77,1,0.7621461
1998,77,2,0.5035992
1998,78,1,0.8927391
1998,78,2,0.5968678
1998,79,1,1.023332
1998,79,2,0.6901365
1998,80,1,1.153925
1998,80,2,0.7834052
1998,81,1,1.153925
1998,81,2,0.7834052
1998,82,1,1.153925
1998,82,2,0.7834052
1998,83,1,1.153925
1998,83,2,0.7834052
1998,84,1,1.153925
1998,84,2,0.7834052
1998,85,1,1.153925
1998,85,2,0.7834052
1998,86,1,1.153925
1998,86,2,0.7834052
1998,87,1,1.153925
1998,87,2,0.7834052
1998,88,1,1.153925
1998,88,2,0.7834052
1998,89,1,1.153925
1998,89,2,0.7834052
1998,90,1,1.153925
1998,90,2,0.7834052
1998,91,1,1.153925
1998,91,2,0.7834052
1998,92,1,1.153925
1998,92,2,0.7834052
1998,93,1,1.153925
1998,93,2,0.7834052
1998,94,1,1.153925
1998,94,2,0.7834052
1998,95,1,1.153925
1998,95,2,0.7834052
1998,96,1,1.153925
1998,96,2,0.7834052
1998,97,1,1.153925
1998,97,2,0.7834052
1998,98,1,1.153925
1998,98,2,0.7834052
1998,99,1,1.153925
1998,99,2,0.7834052
1998,100,1,1.153925
1998,100,2,0.7834052
1998,101,1,1.153925
1998,101,2,0.7834052
1998,102,1,1.153925
1998,102,2,0.7834052
1998,103,1,1.153925
1998,103,2,0.7834052
1999,1,1,5.51e-05
1999,1,2,5.23e-06
1999,2,1,6.23e-05
1999,2,2,1.67e-05
1999,3,1,6.96e-05
1999,3,2,2.82e-05
1999,4,1,7.68e-05
1999,4,2,3.97e-05
1999,5,1,8.4e-05
1999,5,2,5.11e-05
1999,6,1,0.000101
1999,6,2,4.56e-05
1999,7,1,0.000119
1999,7,2,4e-05
1999,8,1,0.000136
1999,8,2,3.45e-05
1999,9,1,0.000154
1999,9,2,2.89e-05
1999,10,1,0.000171
1999,10,2,2.34e-05
1999,11,1,0.000289
1999,11,2,0.000104
1999,12,1,0.000406
1999,12,2,0.000184
1999,13,1,0.000523
1999,13,2,0.000265
1999,14,1,0.00064
1999,14,2,0.000345
1999,15,1,0.000758
1999,15,2,0.000426
1999,16,1,0.000834
1999,16,2,0.000558
1999,17,1,0.000911
1999,17,2,0.00069
1999,18,1,0.000988
1999,18,2,0.000822
1999,19,1,0.00106
1999,19,2,0.000954
1999,20,1,0.00114
1999,20,2,0.00109
1999,21,1,0.00158
1999,21,2,0.00118
1999,22,1,0.00203
1999,22,2,0.00128
1999,23,1,0.00247
1999,23,2,0.00138
1999,24,1,0.00291
1999,24,2,0.00147
1999,25,1,0.00336
1999,25,2,0.00157
1999,26,1,0.00378
1999,26,2,0.00183
1999,27,1,0.0042
1999,27,2,0.0021
1999,28,1,0.00463
1999,28,2,0.00236
1999,29,1,0.00505
1999,29,2,0.00262
1999,30,1,0.00547
1999,30,2,0.00289
1999,31,1,0.00748
1999,31,2,0.00323
1999,32,1,0.0095
1999,32,2,0.00357
1999,33,1,0.0115062
1999,33,2,0.00391
1999,34,1,0.0135173
1999,34,2,0.00425
1999,35,1,0.0155284
1999,35,2,0.00459
1999,36,1,0.0174806
1999,36,2,0.00481
1999,37,1,0.0194329
1999,37,2,0.00503
1999,38,1,0.0213851
1999,38,2,0.00526
1999,39,1,0.0233374
1999,39,2,0.00548
1999,40,1,0.0252896
1999,40,2,0.0057
1999,41,1,0.0276929
1999,41,2,0.00598
1999,42,1,0.0300962
1999,42,2,0.00625
1999,43,1,0.0324994
1999,43,2,0.00653
1999,44,1,0.0349027
1999,44,2,0.0068
1999,45,1,0.037306
1999,45,2,0.00707
1999,46,1,0.0394862
1999,46,2,0.00766
1999,47,1,0.0416664
1999,47,2,0.00825
1999,48,1,0.0438466
1999,48,2,0.00884
1999,49,1,0.0460268
1999,49,2,0.00942
1999,50,1,0.048207
1999,50,2,0.0100112
1999,51,1,0.0539756
1999,51,2,0.0122426
1999,52,1,0.0597443
1999,52,2,0.0144739
1999,53,1,0.0655129
1999,53,2,0.0167053
1999,54,1,0.0712816
1999,54,2,0.0189366
1999,55,1,0.0770502
1999,55,2,0.021168
1999,56,1,0.0862425
1999,56,2,0.0243056
1999,57,1,0.0954348
1999,57,2,0.0274433
1999,58,1,0.1046272
1999,58,2,0.0305809
1999,59,1,0.1138195
1999,59,2,0.0337186
1999,60,1,0.1230118
1999,60,2,0.0368562
1999,61,1,0.1422578
1999,61,2,0.0462023
1999,62,1,0.1615037
1999,62,2,0.0555484
1999,63,1,0.1807497
1999,63,2,0.0648944
1999,64,1,0.1999956
1999,64,2,0.0742405
1999,65,1,0.2192416
1999,65,2,0.0835866
1999,66,1,0.2457934
1999,66,2,0.1017397
1999,67,1,0.2723453
1999,67,2,0.1198928
1999,68,1,0.2988971
1999,68,2,0.1380458
1999,69,1,0.325449
1999,69,2,0.1561989
1999,70,1,0.3520008
1999,70,2,0.174352
1999,71,1,0.3816648
1999,71,2,0.2020455
1999,72,1,0.4113287
1999,72,2,0.229739
1999,73,1,0.4409927
1999,73,2,0.2574324
1999,74,1,0.4706566
1999,74,2,0.2851259
1999,75,1,0.5003206
1999,75,2,0.3128194
1999,76,1,0.6324965
1999,76,2,0.4067576
1999,77,1,0.7646724
1999,77,2,0.5006959
1999,78,1,0.8968482
1999,78,2,0.5946341
1999,79,1,1.0290241
1999,79,2,0.6885724
1999,80,1,1.1612
1999,80,2,0.7825106
1999,81,1,1.1612
1999,81,2,0.7825106
1999,82,1,1.1612
1999,82,2,0.7825106
1999,83,1,1.1612
1999,83,2,0.7825106
1999,84,1,1.1612
1999,84,2,0.7825106
1999,85,1,1.1612
1999,85,2,0.7825106
1999,86,1,1.1612
1999,86,2,0.7825106
1999,87,1,1.1612
1999,87,2,0.7825106
1999,88,1,1.1612
1999,88,2,0.7825106
1999,89,1,1.1612
1999,89,2,0.7825106
1999,90,1,1.1612
1999,90,2,0.7825106
1999,91,1,1.1612
1999,91,2,0.7825106
1999,92,1,1.1612
1999,92,2,0.7825106
1999,93,1,1.1612
1999,93,2,0.7825106
1999,94,1,1.1612
1999,94,2,0.7825106
1999,95,1,1.1612
1999,95,2,0.7825106
1999,96,1,1.1612
1999,96,2,0.7825106
1999,97,1,1.1612
1999,97,2,0.7825106
1999,98,1,1.1612
1999,98,2,0.7825106
1999,99,1,1.1612
1999,99,2,0.7825106
1999,100,1,1.1612
1999,100,2,0.7825106
1999,101,1,1.1612
1999,101,2,0.7825106
1999,102,1,1.1612
1999,102,2,0.7825106
1999,103,1,1.1612
1999,103,2,0.7825106
2000,1,1,5.44e-05
2000,1,2,5.14e-06
2000,2,1,6.18e-05
2000,2,2,1.64e-05
2000,3,1,6.92e-05
2000,3,2,2.76e-05
2000,4,1,7.66e-05
2000,4,2,3.88e-05
2000,5,1,8.4e-05
2000,5,2,5e-05
2000,6,1,0.000102
2000,6,2,4.47e-05
2000,7,1,0.000121
2000,7,2,3.93e-05
2000,8,1,0.000139
2000,8,2,3.4e-05
2000,9,1,0.000157
2000,9,2,2.87e-05
2000,10,1,0.000175
2000,10,2,2.34e-05
2000,11,1,0.000296
2000,11,2,0.000109
2000,12,1,0.000417
2000,12,2,0.000194
2000,13,1,0.000538
2000,13,2,0.000279
2000,14,1,0.000659
2000,14,2,0.000365
2000,15,1,0.00078
2000,15,2,0.00045
2000,16,1,0.000867
2000,16,2,6e-04
2000,17,1,0.000954
2000,17,2,0.00075
2000,18,1,0.00104
2000,18,2,9e-04
2000,19,1,0.00113
2000,19,2,0.00105
2000,20,1,0.00122
2000,20,2,0.0012
2000,21,1,0.00169
2000,21,2,0.0013
2000,22,1,0.00216
2000,22,2,0.00141
2000,23,1,0.00264
2000,23,2,0.00151
2000,24,1,0.00311
2000,24,2,0.00162
2000,25,1,0.00359
2000,25,2,0.00172
2000,26,1,0.00403
2000,26,2,0.002
2000,27,1,0.00447
2000,27,2,0.00228
2000,28,1,0.00491
2000,28,2,0.00256
2000,29,1,0.00535
2000,29,2,0.00283
2000,30,1,0.00579
2000,30,2,0.00311
2000,31,1,0.00789
2000,31,2,0.00346
2000,32,1,0.01
2000,32,2,0.0038
2000,33,1,0.012106
2000,33,2,0.00415
2000,34,1,0.014212
2000,34,2,0.0045
2000,35,1,0.016318
2000,35,2,0.00485
2000,36,1,0.0182714
2000,36,2,0.00503
2000,37,1,0.0202248
2000,37,2,0.00522
2000,38,1,0.0221782
2000,38,2,0.00541
2000,39,1,0.0241316
2000,39,2,0.0056
2000,40,1,0.026085
2000,40,2,0.00578
2000,41,1,0.0283932
2000,41,2,0.00602
2000,42,1,0.0307014
2000,42,2,0.00625
2000,43,1,0.0330096
2000,43,2,0.00648
2000,44,1,0.0353178
2000,44,2,0.00672
2000,45,1,0.037626
2000,45,2,0.00695
2000,46,1,0.0395968
2000,46,2,0.00746
2000,47,1,0.0415676
2000,47,2,0.00797
2000,48,1,0.0435384
2000,48,2,0.00848
2000,49,1,0.0455092
2000,49,2,0.00899
2000,50,1,0.04748
2000,50,2,0.0095
2000,51,1,0.053217
2000,51,2,0.0116318
2000,52,1,0.058954
2000,52,2,0.0137666
2000,53,1,0.064691
2000,53,2,0.0159014
2000,54,1,0.070428
2000,54,2,0.0180362
2000,55,1,0.076165
2000,55,2,0.020171
2000,56,1,0.0851276
2000,56,2,0.023223
2000,57,1,0.0940902
2000,57,2,0.026275
2000,58,1,0.1030528
2000,58,2,0.029327
2000,59,1,0.1120154
2000,59,2,0.032379
2000,60,1,0.120978
2000,60,2,0.035431
2000,61,1,0.1401962
2000,61,2,0.044536
2000,62,1,0.1594144
2000,62,2,0.053641
2000,63,1,0.1786326
2000,63,2,0.062746
2000,64,1,0.1978508
2000,64,2,0.071851
2000,65,1,0.217069
2000,65,2,0.080956
2000,66,1,0.243702
2000,66,2,0.098855
2000,67,1,0.270335
2000,67,2,0.116754
2000,68,1,0.296968
2000,68,2,0.134653
2000,69,1,0.323601
2000,69,2,0.152552
2000,70,1,0.350234
2000,70,2,0.170451
2000,71,1,0.3801234
2000,71,2,0.1980762
2000,72,1,0.4100128
2000,72,2,0.2257014
2000,73,1,0.4399022
2000,73,2,0.2533266
2000,74,1,0.4697916
2000,74,2,0.2809518
2000,75,1,0.499681
2000,75,2,0.308577
2000,76,1,0.6334398
2000,76,2,0.4031848
2000,77,1,0.7671986
2000,77,2,0.4977926
2000,78,1,0.9009574
2000,78,2,0.5924004
2000,79,1,1.0347162
2000,79,2,0.6870082
2000,80,1,1.168475
2000,80,2,0.781616
2000,81,1,1.168475
2000,81,2,0.781616
2000,82,1,1.168475
2000,82,2,0.781616
2000,83,1,1.168475
2000,83,2,0.781616
2000,84,1,1.168475
2000,84,2,0.781616
2000,85,1,1.168475
2000,85,2,0.781616
2000,86,1,1.168475
2000,86,2,0.781616
2000,87,1,1.168475
2000,87,2,0.781616
2000,88,1,1.168475
2000,88,2,0.781616
2000,89,1,1.168475
2000,89,2,0.781616
2000,90,1,1.168475
2000,90,2,0.781616
2000,91,1,1.168475
2000,91,2,0.781616
2000,92,1,1.168475
2000,92,2,0.781616
2000,93,1,1.168475
2000,93,2,0.781616
2000,94,1,1.168475
2000,94,2,0.781616
2000,95,1,1.168475
2000,95,2,0.781616
2000,96,1,1.168475
2000,96,2,0.781616
2000,97,1,1.168475
2000,97,2,0.781616
2000,98,1,1.168475
2000,98,2,0.781616
2000,99,1,1.168475
2000,99,2,0.781616
2000,100,1,1.168475
2000,100,2,0.781616
2000,101,1,1.168475
2000,101,2,0.781616
2000,102,1,1.168475
2000,102,2,0.781616
2000,103,1,1.168475
2000,103,2,0.781616
2001,1,1,5.49e-05
2001,1,2,5.3e-06
2001,2,1,6.13e-05
2001,2,2,1.59e-05
2001,3,1,6.78e-05
2001,3,2,2.66e-05
2001,4,1,7.42e-05
2001,4,2,3.72e-05
2001,5,1,8.06e-05
2001,5,2,4.79e-05
2001,6,1,9.7e-05
2001,6,2,4.26e-05
2001,7,1,0.000114
2001,7,2,3.73e-05
2001,8,1,0.00013
2001,8,2,3.2e-05
2001,9,1,0.000146
2001,9,2,2.67e-05
2001,10,1,0.000163
2001,10,2,2.14e-05
2001,11,1,0.000287
2001,11,2,0.000106
2001,12,1,0.000411
2001,12,2,0.00019
2001,13,1,0.000535
2001,13,2,0.000274
2001,14,1,0.000659
2001,14,2,0.000359
2001,15,1,0.000783
2001,15,2,0.000443
2001,16,1,0.000882
2001,16,2,0.000603
2001,17,1,0.000981
2001,17,2,0.000763
2001,18,1,0.00108
2001,18,2,0.000923
2001,19,1,0.00118
2001,19,2,0.00108
2001,20,1,0.00128
2001,20,2,0.00124
2001,21,1,0.00179
2001,21,2,0.00135
2001,22,1,0.0023
2001,22,2,0.00146
2001,23,1,0.00281
2001,23,2,0.00157
2001,24,1,0.00332
2001,24,2,0.00168
2001,25,1,0.00383
2001,25,2,0.00178
2001,26,1,0.00422
2001,26,2,0.00204
2001,27,1,0.0046
2001,27,2,0.00229
2001,28,1,0.00499
2001,28,2,0.00255
2001,29,1,0.00538
2001,29,2,0.00281
2001,30,1,0.00576
2001,30,2,0.00306
2001,31,1,0.00778
2001,31,2,0.00338
2001,32,1,0.00979
2001,32,2,0.0037
2001,33,1,0.0118078
2001,33,2,0.00403
2001,34,1,0.0138221
2001,34,2,0.00435
2001,35,1,0.0158364
2001,35,2,0.00467
2001,36,1,0.0177072
2001,36,2,0.00483
2001,37,1,0.019578
2001,37,2,0.005
2001,38,1,0.0214488
2001,38,2,0.00516
2001,39,1,0.0233196
2001,39,2,0.00533
2001,40,1,0.0251904
2001,40,2,0.00549
2001,41,1,0.0274571
2001,41,2,0.00571
2001,42,1,0.0297238
2001,42,2,0.00593
2001,43,1,0.0319906
2001,43,2,0.00616
2001,44,1,0.0342573
2001,44,2,0.00638
2001,45,1,0.036524
2001,45,2,0.0066
2001,46,1,0.0385471
2001,46,2,0.00713
2001,47,1,0.0405702
2001,47,2,0.00765
2001,48,1,0.0425934
2001,48,2,0.00817
2001,49,1,0.0446165
2001,49,2,0.0087
2001,50,1,0.0466396
2001,50,2,0.00922
2001,51,1,0.052615
2001,51,2,0.0113471
2001,52,1,0.0585903
2001,52,2,0.0134756
2001,53,1,0.0645657
2001,53,2,0.015604
2001,54,1,0.070541
2001,54,2,0.0177325
2001,55,1,0.0765164
2001,55,2,0.019861
2001,56,1,0.0860176
2001,56,2,0.0229674
2001,57,1,0.0955187
2001,57,2,0.0260739
2001,58,1,0.1050199
2001,58,2,0.0291803
2001,59,1,0.114521
2001,59,2,0.0322868
2001,60,1,0.1240222
2001,60,2,0.0353932
2001,61,1,0.1437268
2001,61,2,0.044573
2001,62,1,0.1634314
2001,62,2,0.0537527
2001,63,1,0.183136
2001,63,2,0.0629325
2001,64,1,0.2028406
2001,64,2,0.0721122
2001,65,1,0.2225452
2001,65,2,0.081292
2001,66,1,0.2498635
2001,66,2,0.0992691
2001,67,1,0.2771818
2001,67,2,0.1172462
2001,68,1,0.3045
2001,68,2,0.1352232
2001,69,1,0.3318183
2001,69,2,0.1532003
2001,70,1,0.3591366
2001,70,2,0.1711774
2001,71,1,0.3896358
2001,71,2,0.1992814
2001,72,1,0.4201349
2001,72,2,0.2273855
2001,73,1,0.4506341
2001,73,2,0.2554895
2001,74,1,0.4811332
2001,74,2,0.2835936
2001,75,1,0.5116324
2001,75,2,0.3116976
2001,76,1,0.6476794
2001,76,2,0.4078173
2001,77,1,0.7837264
2001,77,2,0.503937
2001,78,1,0.9197734
2001,78,2,0.6000568
2001,79,1,1.0558204
2001,79,2,0.6961765
2001,80,1,1.1918674
2001,80,2,0.7922962
2001,81,1,1.1918674
2001,81,2,0.7922962
2001,82,1,1.1918674
2001,82,2,0.7922962
2001,83,1,1.1918674
2001,83,2,0.7922962
2001,84,1,1.1918674
2001,84,2,0.7922962
2001,85,1,1.1918674
2001,85,2,0.7922962
2001,86,1,1.1918674
2001,86,2,0.7922962
2001,87,1,1.1918674
2001,87,2,0.7922962
2001,88,1,1.1918674
2001,88,2,0.7922962
2001,89,1,1.1918674
2001,89,2,0.7922962
2001,90,1,1.1918674
2001,90,2,0.7922962
2001,91,1,1.1918674
2001,91,2,0.7922962
2001,92,1,1.1918674
2001,92,2,0.7922962
2001,93,1,1.1918674
2001,93,2,0.7922962
2001,94,1,1.1918674
2001,94,2,0.7922962
2001,95,1,1.1918674
2001,95,2,0.7922962
2001,96,1,1.1918674
2001,96,2,0.7922962
2001,97,1,1.1918674
2001,97,2,0.7922962
2001,98,1,1.1918674
2001,98,2,0.7922962
2001,99,1,1.1918674
2001,99,2,0.7922962
2001,100,1,1.1918674
2001,100,2,0.7922962
2001,101,1,1.1918674
2001,101,2,0.7922962
2001,102,1,1.1918674
2001,102,2,0.7922962
2001,103,1,1.1918674
2001,103,2,0.7922962
2002,1,1,5.55e-05
2002,1,2,5.47e-06
2002,2,1,6.09e-05
2002,2,2,1.55e-05
2002,3,1,6.63e-05
2002,3,2,2.56e-05
2002,4,1,7.18e-05
2002,4,2,3.57e-05
2002,5,1,7.72e-05
2002,5,2,4.57e-05
2002,6,1,9.19e-05
2002,6,2,4.04e-05
2002,7,1,0.000107
2002,7,2,3.52e-05
2002,8,1,0.000121
2002,8,2,2.99e-05
2002,9,1,0.000136
2002,9,2,2.46e-05
2002,10,1,0.00015
2002,10,2,1.94e-05
2002,11,1,0.000278
2002,11,2,0.000103
2002,12,1,0.000405
2002,12,2,0.000186
2002,13,1,0.000532
2002,13,2,0.000269
2002,14,1,0.000659
2002,14,2,0.000353
2002,15,1,0.000786
2002,15,2,0.000436
2002,16,1,0.000896
2002,16,2,0.000606
2002,17,1,0.00101
2002,17,2,0.000776
2002,18,1,0.00112
2002,18,2,0.000945
2002,19,1,0.00123
2002,19,2,0.00112
2002,20,1,0.00134
2002,20,2,0.00129
2002,21,1,0.00189
2002,21,2,0.0014
2002,22,1,0.00243
2002,22,2,0.00151
2002,23,1,0.00298
2002,23,2,0.00162
2002,24,1,0.00353
2002,24,2,0.00173
2002,25,1,0.00407
2002,25,2,0.00184
2002,26,1,0.00441
2002,26,2,0.00208
2002,27,1,0.00474
2002,27,2,0.00231
2002,28,1,0.00507
2002,28,2,0.00255
2002,29,1,0.00541
2002,29,2,0.00278
2002,30,1,0.00574
2002,30,2,0.00301
2002,31,1,0.00766
2002,31,2,0.00331
2002,32,1,0.00959
2002,32,2,0.0036
2002,33,1,0.0115095
2002,33,2,0.0039
2002,34,1,0.0134322
2002,34,2,0.0042
2002,35,1,0.0153548
2002,35,2,0.00449
2002,36,1,0.017143
2002,36,2,0.00463
2002,37,1,0.0189312
2002,37,2,0.00477
2002,38,1,0.0207194
2002,38,2,0.00492
2002,39,1,0.0225076
2002,39,2,0.00506
2002,40,1,0.0242958
2002,40,2,0.0052
2002,41,1,0.026521
2002,41,2,0.00541
2002,42,1,0.0287463
2002,42,2,0.00562
2002,43,1,0.0309715
2002,43,2,0.00583
2002,44,1,0.0331968
2002,44,2,0.00604
2002,45,1,0.035422
2002,45,2,0.00626
2002,46,1,0.0374974
2002,46,2,0.00679
2002,47,1,0.0395729
2002,47,2,0.00733
2002,48,1,0.0416483
2002,48,2,0.00787
2002,49,1,0.0437238
2002,49,2,0.0084
2002,50,1,0.0457992
2002,50,2,0.00894
2002,51,1,0.0520129
2002,51,2,0.0110624
2002,52,1,0.0582266
2002,52,2,0.0131845
2002,53,1,0.0644404
2002,53,2,0.0153067
2002,54,1,0.0706541
2002,54,2,0.0174288
2002,55,1,0.0768678
2002,55,2,0.019551
2002,56,1,0.0869075
2002,56,2,0.0227119
2002,57,1,0.0969472
2002,57,2,0.0258728
2002,58,1,0.106987
2002,58,2,0.0290336
2002,59,1,0.1170267
2002,59,2,0.0321945
2002,60,1,0.1270664
2002,60,2,0.0353554
2002,61,1,0.1472574
2002,61,2,0.0446099
2002,62,1,0.1674484
2002,62,2,0.0538644
2002,63,1,0.1876394
2002,63,2,0.063119
2002,64,1,0.2078304
2002,64,2,0.0723735
2002,65,1,0.2280214
2002,65,2,0.081628
2002,66,1,0.256025
2002,66,2,0.0996832
2002,67,1,0.2840285
2002,67,2,0.1177383
2002,68,1,0.3120321
2002,68,2,0.1357935
2002,69,1,0.3400356
2002,69,2,0.1538486
2002,70,1,0.3680392
2002,70,2,0.1719038
2002,71,1,0.3991481
2002,71,2,0.2004867
2002,72,1,0.430257
2002,72,2,0.2290696
2002,73,1,0.461366
2002,73,2,0.2576524
2002,74,1,0.4924749
2002,74,2,0.2862353
2002,75,1,0.5235838
2002,75,2,0.3148182
2002,76,1,0.661919
2002,76,2,0.4124498
2002,77,1,0.8002542
2002,77,2,0.5100815
2002,78,1,0.9385894
2002,78,2,0.6077131
2002,79,1,1.0769246
2002,79,2,0.7053448
2002,80,1,1.2152598
2002,80,2,0.8029764
2002,81,1,1.2152598
2002,81,2,0.8029764
2002,82,1,1.2152598
2002,82,2,0.8029764
2002,83,1,1.2152598
2002,83,2,0.8029764
2002,84,1,1.2152598
2002,84,2,0.8029764
2002,85,1,1.2152598
2002,85,2,0.8029764
2002,86,1,1.2152598
2002,86,2,0.8029764
2002,87,1,1.2152598
2002,87,2,0.8029764
2002,88,1,1.2152598
2002,88,2,0.8029764
2002,89,1,1.2152598
2002,89,2,0.8029764
2002,90,1,1.2152598
2002,90,2,0.8029764
2002,91,1,1.2152598
2002,91,2,0.8029764
2002,92,1,1.2152598
2002,92,2,0.8029764
2002,93,1,1.2152598
2002,93,2,0.8029764
2002,94,1,1.2152598
2002,94,2,0.8029764
2002,95,1,1.2152598
2002,95,2,0.8029764
2002,96,1,1.2152598
2002,96,2,0.8029764
2002,97,1,1.2152598
2002,97,2,0.8029764
2002,98,1,1.2152598
2002,98,2,0.8029764
2002,99,1,1.2152598
2002,99,2,0.8029764
2002,100,1,1.2152598
2002,100,2,0.8029764
2002,101,1,1.2152598
2002,101,2,0.8029764
2002,102,1,1.2152598
2002,102,2,0.8029764
2002,103,1,1.2152598
2002,103,2,0.8029764
2003,1,1,5.6e-05
2003,1,2,5.63e-06
2003,2,1,6.05e-05
2003,2,2,1.51e-05
2003,3,1,6.49e-05
2003,3,2,2.46e-05
2003,4,1,6.94e-05
2003,4,2,3.41e-05
2003,5,1,7.38e-05
2003,5,2,4.36e-05
2003,6,1,8.67e-05
2003,6,2,3.83e-05
2003,7,1,9.95e-05
2003,7,2,3.31e-05
2003,8,1,0.000112
2003,8,2,2.78e-05
2003,9,1,0.000125
2003,9,2,2.26e-05
2003,10,1,0.000138
2003,10,2,1.74e-05
2003,11,1,0.000268
2003,11,2,9.97e-05
2003,12,1,0.000398
2003,12,2,0.000182
2003,13,1,0.000528
2003,13,2,0.000264
2003,14,1,0.000659
2003,14,2,0.000347
2003,15,1,0.000789
2003,15,2,0.000429
2003,16,1,0.000911
2003,16,2,0.000609
2003,17,1,0.00103
2003,17,2,0.000788
2003,18,1,0.00116
2003,18,2,0.000968
2003,19,1,0.00128
2003,19,2,0.00115
2003,20,1,0.0014
2003,20,2,0.00133
2003,21,1,0.00198
2003,21,2,0.00144
2003,22,1,0.00257
2003,22,2,0.00156
2003,23,1,0.00315
2003,23,2,0.00167
2003,24,1,0.00373
2003,24,2,0.00179
2003,25,1,0.00432
2003,25,2,0.0019
2003,26,1,0.0046
2003,26,2,0.00212
2003,27,1,0.00488
2003,27,2,0.00233
2003,28,1,0.00516
2003,28,2,0.00254
2003,29,1,0.00544
2003,29,2,0.00275
2003,30,1,0.00572
2003,30,2,0.00296
2003,31,1,0.00755
2003,31,2,0.00323
2003,32,1,0.00938
2003,32,2,0.00351
2003,33,1,0.0112113
2003,33,2,0.00378
2003,34,1,0.0130422
2003,34,2,0.00405
2003,35,1,0.0148732
2003,35,2,0.00432
2003,36,1,0.0165788
2003,36,2,0.00443
2003,37,1,0.0182844
2003,37,2,0.00455
2003,38,1,0.01999
2003,38,2,0.00467
2003,39,1,0.0216956
2003,39,2,0.00479
2003,40,1,0.0234012
2003,40,2,0.0049
2003,41,1,0.025585
2003,41,2,0.0051
2003,42,1,0.0277687
2003,42,2,0.00531
2003,43,1,0.0299525
2003,43,2,0.00551
2003,44,1,0.0321362
2003,44,2,0.00571
2003,45,1,0.03432
2003,45,2,0.00591
2003,46,1,0.0364478
2003,46,2,0.00646
2003,47,1,0.0385755
2003,47,2,0.00701
2003,48,1,0.0407033
2003,48,2,0.00756
2003,49,1,0.042831
2003,49,2,0.00811
2003,50,1,0.0449588
2003,50,2,0.00866
2003,51,1,0.0514109
2003,51,2,0.0107776
2003,52,1,0.057863
2003,52,2,0.0128935
2003,53,1,0.064315
2003,53,2,0.0150093
2003,54,1,0.0707671
2003,54,2,0.0171252
2003,55,1,0.0772192
2003,55,2,0.019241
2003,56,1,0.0877975
2003,56,2,0.0224563
2003,57,1,0.0983758
2003,57,2,0.0256716
2003,58,1,0.108954
2003,58,2,0.028887
2003,59,1,0.1195323
2003,59,2,0.0321023
2003,60,1,0.1301106
2003,60,2,0.0353176
2003,61,1,0.150788
2003,61,2,0.0446469
2003,62,1,0.1714654
2003,62,2,0.0539762
2003,63,1,0.1921428
2003,63,2,0.0633054
2003,64,1,0.2128202
2003,64,2,0.0726347
2003,65,1,0.2334976
2003,65,2,0.081964
2003,66,1,0.2621864
2003,66,2,0.1000972
2003,67,1,0.2908753
2003,67,2,0.1182305
2003,68,1,0.3195641
2003,68,2,0.1363637
2003,69,1,0.348253
2003,69,2,0.154497
2003,70,1,0.3769418
2003,70,2,0.1726302
2003,71,1,0.4086605
2003,71,2,0.2016919
2003,72,1,0.4403792
2003,72,2,0.2307536
2003,73,1,0.4720978
2003,73,2,0.2598154
2003,74,1,0.5038165
2003,74,2,0.2888771
2003,75,1,0.5355352
2003,75,2,0.3179388
2003,76,1,0.6761586
2003,76,2,0.4170824
2003,77,1,0.816782
2003,77,2,0.5162259
2003,78,1,0.9574054
2003,78,2,0.6153695
2003,79,1,1.0980288
2003,79,2,0.714513
2003,80,1,1.2386522
2003,80,2,0.8136566
2003,81,1,1.2386522
2003,81,2,0.8136566
2003,82,1,1.2386522
2003,82,2,0.8136566
2003,83,1,1.2386522
2003,83,2,0.8136566
2003,84,1,1.2386522
2003,84,2,0.8136566
2003,85,1,1.2386522
2003,85,2,0.8136566
2003,86,1,1.2386522
2003,86,2,0.8136566
2003,87,1,1.2386522
2003,87,2,0.8136566
2003,88,1,1.2386522
2003,88,2,0.8136566
2003,89,1,1.2386522
2003,89,2,0.8136566
2003,90,1,1.2386522
2003,90,2,0.8136566
2003,91,1,1.2386522
2003,91,2,0.8136566
2003,92,1,1.2386522
2003,92,2,0.8136566
2003,93,1,1.2386522
2003,93,2,0.8136566
2003,94,1,1.2386522
2003,94,2,0.8136566
2003,95,1,1.2386522
2003,95,2,0.8136566
2003,96,1,1.2386522
2003,96,2,0.8136566
2003,97,1,1.2386522
2003,97,2,0.8136566
2003,98,1,1.2386522
2003,98,2,0.8136566
2003,99,1,1.2386522
2003,99,2,0.8136566
2003,100,1,1.2386522
2003,100,2,0.8136566
2003,101,1,1.2386522
2003,101,2,0.8136566
2003,102,1,1.2386522
2003,102,2,0.8136566
2003,103,1,1.2386522
2003,103,2,0.8136566
2004,1,1,5.65e-05
2004,1,2,5.8e-06
2004,2,1,6e-05
2004,2,2,1.47e-05
2004,3,1,6.35e-05
2004,3,2,2.36e-05
2004,4,1,6.7e-05
2004,4,2,3.25e-05
2004,5,1,7.04e-05
2004,5,2,4.14e-05
2004,6,1,8.15e-05
2004,6,2,3.62e-05
2004,7,1,9.25e-05
2004,7,2,3.1e-05
2004,8,1,0.000104
2004,8,2,2.58e-05
2004,9,1,0.000115
2004,9,2,2.06e-05
2004,10,1,0.000126
2004,10,2,1.54e-05
2004,11,1,0.000259
2004,11,2,9.67e-05
2004,12,1,0.000392
2004,12,2,0.000178
2004,13,1,0.000525
2004,13,2,0.000259
2004,14,1,0.000658
2004,14,2,0.000341
2004,15,1,0.000791
2004,15,2,0.000422
2004,16,1,0.000926
2004,16,2,0.000612
2004,17,1,0.00106
2004,17,2,0.000801
2004,18,1,0.00119
2004,18,2,0.000991
2004,19,1,0.00133
2004,19,2,0.00118
2004,20,1,0.00146
2004,20,2,0.00137
2004,21,1,0.00208
2004,21,2,0.00149
2004,22,1,0.0027
2004,22,2,0.00161
2004,23,1,0.00332
2004,23,2,0.00173
2004,24,1,0.00394
2004,24,2,0.00185
2004,25,1,0.00456
2004,25,2,0.00196
2004,26,1,0.00479
2004,26,2,0.00215
2004,27,1,0.00501
2004,27,2,0.00234
2004,28,1,0.00524
2004,28,2,0.00254
2004,29,1,0.00547
2004,29,2,0.00273
2004,30,1,0.0057
2004,30,2,0.00292
2004,31,1,0.00743
2004,31,2,0.00316
2004,32,1,0.00917
2004,32,2,0.00341
2004,33,1,0.010913
2004,33,2,0.00365
2004,34,1,0.0126523
2004,34,2,0.0039
2004,35,1,0.0143916
2004,35,2,0.00414
2004,36,1,0.0160146
2004,36,2,0.00423
2004,37,1,0.0176376
2004,37,2,0.00433
2004,38,1,0.0192606
2004,38,2,0.00442
2004,39,1,0.0208836
2004,39,2,0.00452
2004,40,1,0.0225066
2004,40,2,0.00461
2004,41,1,0.0246489
2004,41,2,0.0048
2004,42,1,0.0267912
2004,42,2,0.00499
2004,43,1,0.0289334
2004,43,2,0.00518
2004,44,1,0.0310757
2004,44,2,0.00537
2004,45,1,0.033218
2004,45,2,0.00556
2004,46,1,0.0353981
2004,46,2,0.00613
2004,47,1,0.0375782
2004,47,2,0.00669
2004,48,1,0.0397582
2004,48,2,0.00726
2004,49,1,0.0419383
2004,49,2,0.00782
2004,50,1,0.0441184
2004,50,2,0.00838
2004,51,1,0.0508088
2004,51,2,0.0104929
2004,52,1,0.0574993
2004,52,2,0.0126024
2004,53,1,0.0641897
2004,53,2,0.014712
2004,54,1,0.0708802
2004,54,2,0.0168215
2004,55,1,0.0775706
2004,55,2,0.018931
2004,56,1,0.0886874
2004,56,2,0.0222008
2004,57,1,0.0998043
2004,57,2,0.0254705
2004,58,1,0.1109211
2004,58,2,0.0287403
2004,59,1,0.122038
2004,59,2,0.03201
2004,60,1,0.1331548
2004,60,2,0.0352798
2004,61,1,0.1543186
2004,61,2,0.0446838
2004,62,1,0.1754824
2004,62,2,0.0540879
2004,63,1,0.1966462
2004,63,2,0.0634919
2004,64,1,0.21781
2004,64,2,0.072896
2004,65,1,0.2389738
2004,65,2,0.0823
2004,66,1,0.2683479
2004,66,2,0.1005113
2004,67,1,0.297722
2004,67,2,0.1187226
2004,68,1,0.3270962
2004,68,2,0.136934
2004,69,1,0.3564703
2004,69,2,0.1551453
2004,70,1,0.3858444
2004,70,2,0.1733566
2004,71,1,0.4181728
2004,71,2,0.2028972
2004,72,1,0.4505013
2004,72,2,0.2324377
2004,73,1,0.4828297
2004,73,2,0.2619783
2004,74,1,0.5151582
2004,74,2,0.2915188
2004,75,1,0.5474866
2004,75,2,0.3210594
2004,76,1,0.6903982
2004,76,2,0.4217149
2004,77,1,0.8333098
2004,77,2,0.5223704
2004,78,1,0.9762214
2004,78,2,0.6230258
2004,79,1,1.119133
2004,79,2,0.7236813
2004,80,1,1.2620446
2004,80,2,0.8243368
2004,81,1,1.2620446
2004,81,2,0.8243368
2004,82,1,1.2620446
2004,82,2,0.8243368
2004,83,1,1.2620446
2004,83,2,0.8243368
2004,84,1,1.2620446
2004,84,2,0.8243368
2004,85,1,1.2620446
2004,85,2,0.8243368
2004,86,1,1.2620446
2004,86,2,0.8243368
2004,87,1,1.2620446
2004,87,2,0.8243368
2004,88,1,1.2620446
2004,88,2,0.8243368
2004,89,1,1.2620446
2004,89,2,0.8243368
2004,90,1,1.2620446
2004,90,2,0.8243368
2004,91,1,1.2620446
2004,91,2,0.8243368
2004,92,1,1.2620446
2004,92,2,0.8243368
2004,93,1,1.2620446
2004,93,2,0.8243368
2004,94,1,1.2620446
2004,94,2,0.8243368
2004,95,1,1.2620446
2004,95,2,0.8243368
2004,96,1,1.2620446
2004,96,2,0.8243368
2004,97,1,1.2620446
2004,97,2,0.8243368
2004,98,1,1.2620446
2004,98,2,0.8243368
2004,99,1,1.2620446
2004,99,2,0.8243368
2004,100,1,1.2620446
2004,100,2,0.8243368
2004,101,1,1.2620446
2004,101,2,0.8243368
2004,102,1,1.2620446
2004,102,2,0.8243368
2004,103,1,1.2620446
2004,103,2,0.8243368
2005,1,1,5.71e-05
2005,1,2,5.96e-06
2005,2,1,5.96e-05
2005,2,2,1.43e-05
2005,3,1,6.21e-05
2005,3,2,2.26e-05
2005,4,1,6.46e-05
2005,4,2,3.1e-05
2005,5,1,6.7e-05
2005,5,2,3.93e-05
2005,6,1,7.63e-05
2005,6,2,3.41e-05
2005,7,1,8.55e-05
2005,7,2,2.89e-05
2005,8,1,9.47e-05
2005,8,2,2.37e-05
2005,9,1,0.000104
2005,9,2,1.86e-05
2005,10,1,0.000113
2005,10,2,1.34e-05
2005,11,1,0.000249
2005,11,2,9.37e-05
2005,12,1,0.000386
2005,12,2,0.000174
2005,13,1,0.000522
2005,13,2,0.000254
2005,14,1,0.000658
2005,14,2,0.000335
2005,15,1,0.000794
2005,15,2,0.000415
2005,16,1,0.00094
2005,16,2,0.000614
2005,17,1,0.00109
2005,17,2,0.000814
2005,18,1,0.00123
2005,18,2,0.00101
2005,19,1,0.00138
2005,19,2,0.00121
2005,20,1,0.00152
2005,20,2,0.00141
2005,21,1,0.00218
2005,21,2,0.00154
2005,22,1,0.00284
2005,22,2,0.00166
2005,23,1,0.00349
2005,23,2,0.00178
2005,24,1,0.00415
2005,24,2,0.0019
2005,25,1,0.0048
2005,25,2,0.00202
2005,26,1,0.00498
2005,26,2,0.00219
2005,27,1,0.00515
2005,27,2,0.00236
2005,28,1,0.00532
2005,28,2,0.00253
2005,29,1,0.0055
2005,29,2,0.0027
2005,30,1,0.00567
2005,30,2,0.00287
2005,31,1,0.00732
2005,31,2,0.00309
2005,32,1,0.00897
2005,32,2,0.00331
2005,33,1,0.0106148
2005,33,2,0.00353
2005,34,1,0.0122624
2005,34,2,0.00375
2005,35,1,0.01391
2005,35,2,0.00397
2005,36,1,0.0154504
2005,36,2,0.00404
2005,37,1,0.0169908
2005,37,2,0.00411
2005,38,1,0.0185312
2005,38,2,0.00418
2005,39,1,0.0200716
2005,39,2,0.00425
2005,40,1,0.021612
2005,40,2,0.00432
2005,41,1,0.0237128
2005,41,2,0.0045
2005,42,1,0.0258136
2005,42,2,0.00468
2005,43,1,0.0279144
2005,43,2,0.00486
2005,44,1,0.0300152
2005,44,2,0.00504
2005,45,1,0.032116
2005,45,2,0.00522
2005,46,1,0.0343484
2005,46,2,0.00579
2005,47,1,0.0365808
2005,47,2,0.00637
2005,48,1,0.0388132
2005,48,2,0.00695
2005,49,1,0.0410456
2005,49,2,0.00753
2005,50,1,0.043278
2005,50,2,0.00811
2005,51,1,0.0502068
2005,51,2,0.0102082
2005,52,1,0.0571356
2005,52,2,0.0123114
2005,53,1,0.0640644
2005,53,2,0.0144146
2005,54,1,0.0709932
2005,54,2,0.0165178
2005,55,1,0.077922
2005,55,2,0.018621
2005,56,1,0.0895774
2005,56,2,0.0219452
2005,57,1,0.1012328
2005,57,2,0.0252694
2005,58,1,0.1128882
2005,58,2,0.0285936
2005,59,1,0.1245436
2005,59,2,0.0319178
2005,60,1,0.136199
2005,60,2,0.035242
2005,61,1,0.1578492
2005,61,2,0.0447208
2005,62,1,0.1794994
2005,62,2,0.0541996
2005,63,1,0.2011496
2005,63,2,0.0636784
2005,64,1,0.2227998
2005,64,2,0.0731572
2005,65,1,0.24445
2005,65,2,0.082636
2005,66,1,0.2745094
2005,66,2,0.1009254
2005,67,1,0.3045688
2005,67,2,0.1192148
2005,68,1,0.3346282
2005,68,2,0.1375042
2005,69,1,0.3646876
2005,69,2,0.1557936
2005,70,1,0.394747
2005,70,2,0.174083
2005,71,1,0.4276852
2005,71,2,0.2041024
2005,72,1,0.4606234
2005,72,2,0.2341218
2005,73,1,0.4935616
2005,73,2,0.2641412
2005,74,1,0.5264998
2005,74,2,0.2941606
2005,75,1,0.559438
2005,75,2,0.32418
2005,76,1,0.7046378
2005,76,2,0.4263474
2005,77,1,0.8498376
2005,77,2,0.5285148
2005,78,1,0.9950374
2005,78,2,0.6306822
2005,79,1,1.1402372
2005,79,2,0.7328496
2005,80,1,1.285437
2005,80,2,0.835017
2005,81,1,1.285437
2005,81,2,0.835017
2005,82,1,1.285437
2005,82,2,0.835017
2005,83,1,1.285437
2005,83,2,0.835017
2005,84,1,1.285437
2005,84,2,0.835017
2005,85,1,1.285437
2005,85,2,0.835017
2005,86,1,1.285437
2005,86,2,0.835017
2005,87,1,1.285437
2005,87,2,0.835017
2005,88,1,1.285437
2005,88,2,0.835017
2005,89,1,1.285437
2005,89,2,0.835017
2005,90,1,1.285437
2005,90,2,0.835017
2005,91,1,1.285437
2005,91,2,0.835017
2005,92,1,1.285437
2005,92,2,0.835017
2005,93,1,1.285437
2005,93,2,0.835017
2005,94,1,1.285437
2005,94,2,0.835017
2005,95,1,1.285437
2005,95,2,0.835017
2005,96,1,1.285437
2005,96,2,0.835017
2005,97,1,1.285437
2005,97,2,0.835017
2005,98,1,1.285437
2005,98,2,0.835017
2005,99,1,1.285437
2005,99,2,0.835017
2005,100,1,1.285437
2005,100,2,0.835017
2005,101,1,1.285437
2005,101,2,0.835017
2005,102,1,1.285437
2005,102,2,0.835017
2005,103,1,1.285437
2005,103,2,0.835017
2006,1,1,5.64e-05
2006,1,2,5.91e-06
2006,2,1,5.86e-05
2006,2,2,1.38e-05
2006,3,1,6.07e-05
2006,3,2,2.16e-05
2006,4,1,6.28e-05
2006,4,2,2.95e-05
2006,5,1,6.5e-05
2006,5,2,3.74e-05
2006,6,1,7.36e-05
2006,6,2,3.24e-05
2006,7,1,8.21e-05
2006,7,2,2.74e-05
2006,8,1,9.07e-05
2006,8,2,2.24e-05
2006,9,1,9.93e-05
2006,9,2,1.75e-05
2006,10,1,0.000108
2006,10,2,1.25e-05
2006,11,1,0.000236
2006,11,2,8.47e-05
2006,12,1,0.000364
2006,12,2,0.000157
2006,13,1,0.000492
2006,13,2,0.000229
2006,14,1,0.00062
2006,14,2,0.000301
2006,15,1,0.000748
2006,15,2,0.000373
2006,16,1,0.000896
2006,16,2,0.00056
2006,17,1,0.00104
2006,17,2,0.000747
2006,18,1,0.00119
2006,18,2,0.000934
2006,19,1,0.00134
2006,19,2,0.00112
2006,20,1,0.00149
2006,20,2,0.00131
2006,21,1,0.00212
2006,21,2,0.00143
2006,22,1,0.00274
2006,22,2,0.00155
2006,23,1,0.00337
2006,23,2,0.00166
2006,24,1,0.00399
2006,24,2,0.00178
2006,25,1,0.00462
2006,25,2,0.0019
2006,26,1,0.0048
2006,26,2,0.00207
2006,27,1,0.00498
2006,27,2,0.00223
2006,28,1,0.00516
2006,28,2,0.00239
2006,29,1,0.00535
2006,29,2,0.00256
2006,30,1,0.00553
2006,30,2,0.00272
2006,31,1,0.00705
2006,31,2,0.00291
2006,32,1,0.00858
2006,32,2,0.0031
2006,33,1,0.0101022
2006,33,2,0.00329
2006,34,1,0.0116275
2006,34,2,0.00349
2006,35,1,0.0131528
2006,35,2,0.00368
2006,36,1,0.0145962
2006,36,2,0.00375
2006,37,1,0.0160397
2006,37,2,0.00383
2006,38,1,0.0174831
2006,38,2,0.0039
2006,39,1,0.0189266
2006,39,2,0.00398
2006,40,1,0.02037
2006,40,2,0.00405
2006,41,1,0.022471
2006,41,2,0.00424
2006,42,1,0.024572
2006,42,2,0.00442
2006,43,1,0.026673
2006,43,2,0.00461
2006,44,1,0.028774
2006,44,2,0.00479
2006,45,1,0.030875
2006,45,2,0.00498
2006,46,1,0.0333141
2006,46,2,0.00559
2006,47,1,0.0357532
2006,47,2,0.0062
2006,48,1,0.0381924
2006,48,2,0.00681
2006,49,1,0.0406315
2006,49,2,0.00742
2006,50,1,0.0430706
2006,50,2,0.00803
2006,51,1,0.0501092
2006,51,2,0.010136
2006,52,1,0.0571477
2006,52,2,0.0122462
2006,53,1,0.0641863
2006,53,2,0.0143564
2006,54,1,0.0712248
2006,54,2,0.0164666
2006,55,1,0.0782634
2006,55,2,0.0185768
2006,56,1,0.0903993
2006,56,2,0.021893
2006,57,1,0.1025352
2006,57,2,0.0252092
2006,58,1,0.1146712
2006,58,2,0.0285254
2006,59,1,0.1268071
2006,59,2,0.0318416
2006,60,1,0.138943
2006,60,2,0.0351578
2006,61,1,0.1609172
2006,61,2,0.0445849
2006,62,1,0.1828914
2006,62,2,0.054012
2006,63,1,0.2048656
2006,63,2,0.0634392
2006,64,1,0.2268398
2006,64,2,0.0728663
2006,65,1,0.248814
2006,65,2,0.0822934
2006,66,1,0.2790485
2006,66,2,0.1005962
2006,67,1,0.309283
2006,67,2,0.118899
2006,68,1,0.3395176
2006,68,2,0.1372018
2006,69,1,0.3697521
2006,69,2,0.1555046
2006,70,1,0.3999866
2006,70,2,0.1738074
2006,71,1,0.4329729
2006,71,2,0.2032812
2006,72,1,0.4659592
2006,72,2,0.2327549
2006,73,1,0.4989456
2006,73,2,0.2622287
2006,74,1,0.5319319
2006,74,2,0.2917024
2006,75,1,0.5649182
2006,75,2,0.3211762
2006,76,1,0.7101046
2006,76,2,0.4231204
2006,77,1,0.8552909
2006,77,2,0.5250647
2006,78,1,1.0004773
2006,78,2,0.6270089
2006,79,1,1.1456636
2006,79,2,0.7289532
2006,80,1,1.29085
2006,80,2,0.8308974
2006,81,1,1.29085
2006,81,2,0.8308974
2006,82,1,1.29085
2006,82,2,0.8308974
2006,83,1,1.29085
2006,83,2,0.8308974
2006,84,1,1.29085
2006,84,2,0.8308974
2006,85,1,1.29085
2006,85,2,0.8308974
2006,86,1,1.29085
2006,86,2,0.8308974
2006,87,1,1.29085
2006,87,2,0.8308974
2006,88,1,1.29085
2006,88,2,0.8308974
2006,89,1,1.29085
2006,89,2,0.8308974
2006,90,1,1.29085
2006,90,2,0.8308974
2006,91,1,1.29085
2006,91,2,0.8308974
2006,92,1,1.29085
2006,92,2,0.8308974
2006,93,1,1.29085
2006,93,2,0.8308974
2006,94,1,1.29085
2006,94,2,0.8308974
2006,95,1,1.29085
2006,95,2,0.8308974
2006,96,1,1.29085
2006,96,2,0.8308974
2006,97,1,1.29085
2006,97,2,0.8308974
2006,98,1,1.29085
2006,98,2,0.8308974
2006,99,1,1.29085
2006,99,2,0.8308974
2006,100,1,1.29085
2006,100,2,0.8308974
2006,101,1,1.29085
2006,101,2,0.8308974
2006,102,1,1.29085
2006,102,2,0.8308974
2006,103,1,1.29085
2006,103,2,0.8308974
2007,1,1,5.57e-05
2007,1,2,5.87e-06
2007,2,1,5.75e-05
2007,2,2,1.33e-05
2007,3,1,5.93e-05
2007,3,2,2.06e-05
2007,4,1,6.11e-05
2007,4,2,2.8e-05
2007,5,1,6.29e-05
2007,5,2,3.54e-05
2007,6,1,7.09e-05
2007,6,2,3.07e-05
2007,7,1,7.88e-05
2007,7,2,2.59e-05
2007,8,1,8.67e-05
2007,8,2,2.11e-05
2007,9,1,9.46e-05
2007,9,2,1.64e-05
2007,10,1,0.000103
2007,10,2,1.16e-05
2007,11,1,0.000222
2007,11,2,7.56e-05
2007,12,1,0.000342
2007,12,2,0.00014
2007,13,1,0.000462
2007,13,2,0.000204
2007,14,1,0.000582
2007,14,2,0.000268
2007,15,1,0.000701
2007,15,2,0.000332
2007,16,1,0.000852
2007,16,2,0.000506
2007,17,1,0.001
2007,17,2,0.00068
2007,18,1,0.00115
2007,18,2,0.000854
2007,19,1,0.0013
2007,19,2,0.00103
2007,20,1,0.00146
2007,20,2,0.0012
2007,21,1,0.00205
2007,21,2,0.00132
2007,22,1,0.00265
2007,22,2,0.00143
2007,23,1,0.00325
2007,23,2,0.00155
2007,24,1,0.00384
2007,24,2,0.00166
2007,25,1,0.00444
2007,25,2,0.00178
2007,26,1,0.00463
2007,26,2,0.00194
2007,27,1,0.00482
2007,27,2,0.0021
2007,28,1,0.005
2007,28,2,0.00225
2007,29,1,0.00519
2007,29,2,0.00241
2007,30,1,0.00538
2007,30,2,0.00257
2007,31,1,0.00678
2007,31,2,0.00273
2007,32,1,0.00819
2007,32,2,0.0029
2007,33,1,0.00959
2007,33,2,0.00306
2007,34,1,0.0109926
2007,34,2,0.00323
2007,35,1,0.0123956
2007,35,2,0.00339
2007,36,1,0.0137421
2007,36,2,0.00347
2007,37,1,0.0150886
2007,37,2,0.00355
2007,38,1,0.016435
2007,38,2,0.00363
2007,39,1,0.0177815
2007,39,2,0.00371
2007,40,1,0.019128
2007,40,2,0.00379
2007,41,1,0.0212292
2007,41,2,0.00398
2007,42,1,0.0233304
2007,42,2,0.00417
2007,43,1,0.0254316
2007,43,2,0.00436
2007,44,1,0.0275328
2007,44,2,0.00455
2007,45,1,0.029634
2007,45,2,0.00474
2007,46,1,0.0322798
2007,46,2,0.00538
2007,47,1,0.0349257
2007,47,2,0.00602
2007,48,1,0.0375715
2007,48,2,0.00666
2007,49,1,0.0402174
2007,49,2,0.0073
2007,50,1,0.0428632
2007,50,2,0.00795
2007,51,1,0.0500115
2007,51,2,0.0100638
2007,52,1,0.0571598
2007,52,2,0.012181
2007,53,1,0.0643082
2007,53,2,0.0142982
2007,54,1,0.0714565
2007,54,2,0.0164154
2007,55,1,0.0786048
2007,55,2,0.0185326
2007,56,1,0.0912212
2007,56,2,0.0218408
2007,57,1,0.1038377
2007,57,2,0.025149
2007,58,1,0.1164541
2007,58,2,0.0284572
2007,59,1,0.1290706
2007,59,2,0.0317654
2007,60,1,0.141687
2007,60,2,0.0350736
2007,61,1,0.1639852
2007,61,2,0.044449
2007,62,1,0.1862834
2007,62,2,0.0538245
2007,63,1,0.2085816
2007,63,2,0.0631999
2007,64,1,0.2308798
2007,64,2,0.0725754
2007,65,1,0.253178
2007,65,2,0.0819508
2007,66,1,0.2835876
2007,66,2,0.100267
2007,67,1,0.3139973
2007,67,2,0.1185832
2007,68,1,0.3444069
2007,68,2,0.1368994
2007,69,1,0.3748166
2007,69,2,0.1552156
2007,70,1,0.4052262
2007,70,2,0.1735318
2007,71,1,0.4382606
2007,71,2,0.2024599
2007,72,1,0.4712951
2007,72,2,0.231388
2007,73,1,0.5043295
2007,73,2,0.2603162
2007,74,1,0.537364
2007,74,2,0.2892443
2007,75,1,0.5703984
2007,75,2,0.3181724
2007,76,1,0.7155713
2007,76,2,0.4198935
2007,77,1,0.8607442
2007,77,2,0.5216146
2007,78,1,1.0059172
2007,78,2,0.6233356
2007,79,1,1.1510901
2007,79,2,0.7250567
2007,80,1,1.296263
2007,80,2,0.8267778
2007,81,1,1.296263
2007,81,2,0.8267778
2007,82,1,1.296263
2007,82,2,0.8267778
2007,83,1,1.296263
2007,83,2,0.8267778
2007,84,1,1.296263
2007,84,2,0.8267778
2007,85,1,1.296263
2007,85,2,0.8267778
2007,86,1,1.296263
2007,86,2,0.8267778
2007,87,1,1.296263
2007,87,2,0.8267778
2007,88,1,1.296263
2007,88,2,0.8267778
2007,89,1,1.296263
2007,89,2,0.8267778
2007,90,1,1.296263
2007,90,2,0.8267778
2007,91,1,1.296263
2007,91,2,0.8267778
2007,92,1,1.296263
2007,92,2,0.8267778
2007,93,1,1.296263
2007,93,2,0.8267778
2007,94,1,1.296263
2007,94,2,0.8267778
2007,95,1,1.296263
2007,95,2,0.8267778
2007,96,1,1.296263
2007,96,2,0.8267778
2007,97,1,1.296263
2007,97,2,0.8267778
2007,98,1,1.296263
2007,98,2,0.8267778
2007,99,1,1.296263
2007,99,2,0.8267778
2007,100,1,1.296263
2007,100,2,0.8267778
2007,101,1,1.296263
2007,101,2,0.8267778
2007,102,1,1.296263
2007,102,2,0.8267778
2007,103,1,1.296263
2007,103,2,0.8267778
2008,1,1,5.51e-05
2008,1,2,5.82e-06
2008,2,1,5.65e-05
2008,2,2,1.27e-05
2008,3,1,5.8e-05
2008,3,2,1.97e-05
2008,4,1,5.94e-05
2008,4,2,2.66e-05
2008,5,1,6.09e-05
2008,5,2,3.35e-05
2008,6,1,6.82e-05
2008,6,2,2.89e-05
2008,7,1,7.54e-05
2008,7,2,2.44e-05
2008,8,1,8.27e-05
2008,8,2,1.98e-05
2008,9,1,9e-05
2008,9,2,1.53e-05
2008,10,1,9.72e-05
2008,10,2,1.07e-05
2008,11,1,0.000209
2008,11,2,6.66e-05
2008,12,1,0.00032
2008,12,2,0.000123
2008,13,1,0.000432
2008,13,2,0.000178
2008,14,1,0.000544
2008,14,2,0.000234
2008,15,1,0.000655
2008,15,2,0.00029
2008,16,1,0.000808
2008,16,2,0.000451
2008,17,1,0.000962
2008,17,2,0.000613
2008,18,1,0.00111
2008,18,2,0.000774
2008,19,1,0.00127
2008,19,2,0.000935
2008,20,1,0.00142
2008,20,2,0.0011
2008,21,1,0.00199
2008,21,2,0.00121
2008,22,1,0.00256
2008,22,2,0.00132
2008,23,1,0.00312
2008,23,2,0.00143
2008,24,1,0.00369
2008,24,2,0.00155
2008,25,1,0.00426
2008,25,2,0.00166
2008,26,1,0.00445
2008,26,2,0.00181
2008,27,1,0.00465
2008,27,2,0.00196
2008,28,1,0.00484
2008,28,2,0.00212
2008,29,1,0.00504
2008,29,2,0.00227
2008,30,1,0.00524
2008,30,2,0.00242
2008,31,1,0.00652
2008,31,2,0.00256
2008,32,1,0.0078
2008,32,2,0.00269
2008,33,1,0.00908
2008,33,2,0.00283
2008,34,1,0.0103578
2008,34,2,0.00297
2008,35,1,0.0116384
2008,35,2,0.0031
2008,36,1,0.0128879
2008,36,2,0.00319
2008,37,1,0.0141374
2008,37,2,0.00327
2008,38,1,0.015387
2008,38,2,0.00336
2008,39,1,0.0166365
2008,39,2,0.00344
2008,40,1,0.017886
2008,40,2,0.00353
2008,41,1,0.0199874
2008,41,2,0.00372
2008,42,1,0.0220888
2008,42,2,0.00391
2008,43,1,0.0241902
2008,43,2,0.00411
2008,44,1,0.0262916
2008,44,2,0.0043
2008,45,1,0.028393
2008,45,2,0.0045
2008,46,1,0.0312456
2008,46,2,0.00517
2008,47,1,0.0340981
2008,47,2,0.00584
2008,48,1,0.0369507
2008,48,2,0.00652
2008,49,1,0.0398032
2008,49,2,0.00719
2008,50,1,0.0426558
2008,50,2,0.00787
2008,51,1,0.0499139
2008,51,2,0.00999
2008,52,1,0.057172
2008,52,2,0.0121158
2008,53,1,0.06443
2008,53,2,0.01424
2008,54,1,0.0716881
2008,54,2,0.0163642
2008,55,1,0.0789462
2008,55,2,0.0184884
2008,56,1,0.0920432
2008,56,2,0.0217886
2008,57,1,0.1051401
2008,57,2,0.0250888
2008,58,1,0.1182371
2008,58,2,0.028389
2008,59,1,0.131334
2008,59,2,0.0316892
2008,60,1,0.144431
2008,60,2,0.0349894
2008,61,1,0.1670532
2008,61,2,0.0443132
2008,62,1,0.1896754
2008,62,2,0.0536369
2008,63,1,0.2122976
2008,63,2,0.0629607
2008,64,1,0.2349198
2008,64,2,0.0722844
2008,65,1,0.257542
2008,65,2,0.0816082
2008,66,1,0.2881268
2008,66,2,0.0999378
2008,67,1,0.3187115
2008,67,2,0.1182674
2008,68,1,0.3492963
2008,68,2,0.136597
2008,69,1,0.379881
2008,69,2,0.1549266
2008,70,1,0.4104658
2008,70,2,0.1732562
2008,71,1,0.4435484
2008,71,2,0.2016387
2008,72,1,0.4766309
2008,72,2,0.2300212
2008,73,1,0.5097135
2008,73,2,0.2584036
2008,74,1,0.542796
2008,74,2,0.2867861
2008,75,1,0.5758786
2008,75,2,0.3151686
2008,76,1,0.7210381
2008,76,2,0.4166665
2008,77,1,0.8661976
2008,77,2,0.5181644
2008,78,1,1.011357
2008,78,2,0.6196624
2008,79,1,1.1565165
2008,79,2,0.7211603
2008,80,1,1.301676
2008,80,2,0.8226582
2008,81,1,1.301676
2008,81,2,0.8226582
2008,82,1,1.301676
2008,82,2,0.8226582
2008,83,1,1.301676
2008,83,2,0.8226582
2008,84,1,1.301676
2008,84,2,0.8226582
2008,85,1,1.301676
2008,85,2,0.8226582
2008,86,1,1.301676
2008,86,2,0.8226582
2008,87,1,1.301676
2008,87,2,0.8226582
2008,88,1,1.301676
2008,88,2,0.8226582
2008,89,1,1.301676
2008,89,2,0.8226582
2008,90,1,1.301676
2008,90,2,0.8226582
2008,91,1,1.301676
2008,91,2,0.8226582
2008,92,1,1.301676
2008,92,2,0.8226582
2008,93,1,1.301676
2008,93,2,0.8226582
2008,94,1,1.301676
2008,94,2,0.8226582
2008,95,1,1.301676
2008,95,2,0.8226582
2008,96,1,1.301676
2008,96,2,0.8226582
2008,97,1,1.301676
2008,97,2,0.8226582
2008,98,1,1.301676
2008,98,2,0.8226582
2008,99,1,1.301676
2008,99,2,0.8226582
2008,100,1,1.301676
2008,100,2,0.8226582
2008,101,1,1.301676
2008,101,2,0.8226582
2008,102,1,1.301676
2008,102,2,0.8226582
2008,103,1,1.301676
2008,103,2,0.8226582
2009,1,1,5.44e-05
2009,1,2,5.77e-06
2009,2,1,5.55e-05
2009,2,2,1.22e-05
2009,3,1,5.66e-05
2009,3,2,1.87e-05
2009,4,1,5.77e-05
2009,4,2,2.51e-05
2009,5,1,5.89e-05
2009,5,2,3.16e-05
2009,6,1,6.55e-05
2009,6,2,2.72e-05
2009,7,1,7.21e-05
2009,7,2,2.29e-05
2009,8,1,7.87e-05
2009,8,2,1.85e-05
2009,9,1,8.53e-05
2009,9,2,1.42e-05
2009,10,1,9.19e-05
2009,10,2,9.86e-06
2009,11,1,0.000195
2009,11,2,5.76e-05
2009,12,1,0.000299
2009,12,2,0.000105
2009,13,1,0.000402
2009,13,2,0.000153
2009,14,1,0.000505
2009,14,2,0.000201
2009,15,1,0.000609
2009,15,2,0.000249
2009,16,1,0.000764
2009,16,2,0.000397
2009,17,1,0.00092
2009,17,2,0.000546
2009,18,1,0.00108
2009,18,2,0.000694
2009,19,1,0.00123
2009,19,2,0.000843
2009,20,1,0.00139
2009,20,2,0.000991
2009,21,1,0.00192
2009,21,2,0.0011
2009,22,1,0.00246
2009,22,2,0.00121
2009,23,1,0.003
2009,23,2,0.00132
2009,24,1,0.00354
2009,24,2,0.00143
2009,25,1,0.00408
2009,25,2,0.00154
2009,26,1,0.00428
2009,26,2,0.00168
2009,27,1,0.00448
2009,27,2,0.00183
2009,28,1,0.00468
2009,28,2,0.00198
2009,29,1,0.00489
2009,29,2,0.00212
2009,30,1,0.00509
2009,30,2,0.00227
2009,31,1,0.00625
2009,31,2,0.00238
2009,32,1,0.00741
2009,32,2,0.00249
2009,33,1,0.00856
2009,33,2,0.0026
2009,34,1,0.00972
2009,34,2,0.00271
2009,35,1,0.0108812
2009,35,2,0.00282
2009,36,1,0.0120338
2009,36,2,0.00291
2009,37,1,0.0131863
2009,37,2,0.00299
2009,38,1,0.0143389
2009,38,2,0.00308
2009,39,1,0.0154914
2009,39,2,0.00317
2009,40,1,0.016644
2009,40,2,0.00326
2009,41,1,0.0187456
2009,41,2,0.00346
2009,42,1,0.0208472
2009,42,2,0.00366
2009,43,1,0.0229488
2009,43,2,0.00386
2009,44,1,0.0250504
2009,44,2,0.00406
2009,45,1,0.027152
2009,45,2,0.00426
2009,46,1,0.0302113
2009,46,2,0.00496
2009,47,1,0.0332706
2009,47,2,0.00567
2009,48,1,0.0363298
2009,48,2,0.00638
2009,49,1,0.0393891
2009,49,2,0.00708
2009,50,1,0.0424484
2009,50,2,0.00779
2009,51,1,0.0498162
2009,51,2,0.00992
2009,52,1,0.0571841
2009,52,2,0.0120506
2009,53,1,0.0645519
2009,53,2,0.0141818
2009,54,1,0.0719198
2009,54,2,0.016313
2009,55,1,0.0792876
2009,55,2,0.0184442
2009,56,1,0.0928651
2009,56,2,0.0217364
2009,57,1,0.1064426
2009,57,2,0.0250286
2009,58,1,0.12002
2009,58,2,0.0283208
2009,59,1,0.1335975
2009,59,2,0.031613
2009,60,1,0.147175
2009,60,2,0.0349052
2009,61,1,0.1701212
2009,61,2,0.0441773
2009,62,1,0.1930674
2009,62,2,0.0534494
2009,63,1,0.2160136
2009,63,2,0.0627214
2009,64,1,0.2389598
2009,64,2,0.0719935
2009,65,1,0.261906
2009,65,2,0.0812656
2009,66,1,0.2926659
2009,66,2,0.0996086
2009,67,1,0.3234258
2009,67,2,0.1179516
2009,68,1,0.3541856
2009,68,2,0.1362946
2009,69,1,0.3849455
2009,69,2,0.1546376
2009,70,1,0.4157054
2009,70,2,0.1729806
2009,71,1,0.4488361
2009,71,2,0.2008174
2009,72,1,0.4819668
2009,72,2,0.2286543
2009,73,1,0.5150974
2009,73,2,0.2564911
2009,74,1,0.5482281
2009,74,2,0.284328
2009,75,1,0.5813588
2009,75,2,0.3121648
2009,76,1,0.7265048
2009,76,2,0.4134396
2009,77,1,0.8716509
2009,77,2,0.5147143
2009,78,1,1.0167969
2009,78,2,0.6159891
2009,79,1,1.161943
2009,79,2,0.7172638
2009,80,1,1.307089
2009,80,2,0.8185386
2009,81,1,1.307089
2009,81,2,0.8185386
2009,82,1,1.307089
2009,82,2,0.8185386
2009,83,1,1.307089
2009,83,2,0.8185386
2009,84,1,1.307089
2009,84,2,0.8185386
2009,85,1,1.307089
2009,85,2,0.8185386
2009,86,1,1.307089
2009,86,2,0.8185386
2009,87,1,1.307089
2009,87,2,0.8185386
2009,88,1,1.307089
2009,88,2,0.8185386
2009,89,1,1.307089
2009,89,2,0.8185386
2009,90,1,1.307089
2009,90,2,0.8185386
2009,91,1,1.307089
2009,91,2,0.8185386
2009,92,1,1.307089
2009,92,2,0.8185386
2009,93,1,1.307089
2009,93,2,0.8185386
2009,94,1,1.307089
2009,94,2,0.8185386
2009,95,1,1.307089
2009,95,2,0.8185386
2009,96,1,1.307089
2009,96,2,0.8185386
2009,97,1,1.307089
2009,97,2,0.8185386
2009,98,1,1.307089
2009,98,2,0.8185386
2009,99,1,1.307089
2009,99,2,0.8185386
2009,100,1,1.307089
2009,100,2,0.8185386
2009,101,1,1.307089
2009,101,2,0.8185386
2009,102,1,1.307089
2009,102,2,0.8185386
2009,103,1,1.307089
2009,103,2,0.8185386
2010,1,1,5.37e-05
2010,1,2,5.72e-06
2010,2,1,5.45e-05
2010,2,2,1.17e-05
2010,3,1,5.53e-05
2010,3,2,1.77e-05
2010,4,1,5.6e-05
2010,4,2,2.37e-05
2010,5,1,5.68e-05
2010,5,2,2.96e-05
2010,6,1,6.28e-05
2010,6,2,2.55e-05
2010,7,1,6.87e-05
2010,7,2,2.14e-05
2010,8,1,7.47e-05
2010,8,2,1.72e-05
2010,9,1,8.06e-05
2010,9,2,1.31e-05
2010,10,1,8.66e-05
2010,10,2,8.99e-06
2010,11,1,0.000182
2010,11,2,4.86e-05
2010,12,1,0.000277
2010,12,2,8.83e-05
2010,13,1,0.000372
2010,13,2,0.000128
2010,14,1,0.000467
2010,14,2,0.000168
2010,15,1,0.000562
2010,15,2,0.000207
2010,16,1,0.000721
2010,16,2,0.000343
2010,17,1,0.000879
2010,17,2,0.000479
2010,18,1,0.00104
2010,18,2,0.000614
2010,19,1,0.00119
2010,19,2,0.00075
2010,20,1,0.00135
2010,20,2,0.000886
2010,21,1,0.00186
2010,21,2,0.000991
2010,22,1,0.00237
2010,22,2,0.0011
2010,23,1,0.00288
2010,23,2,0.0012
2010,24,1,0.00339
2010,24,2,0.00131
2010,25,1,0.00389
2010,25,2,0.00142
2010,26,1,0.0041
2010,26,2,0.00156
2010,27,1,0.00431
2010,27,2,0.0017
2010,28,1,0.00452
2010,28,2,0.00184
2010,29,1,0.00473
2010,29,2,0.00198
2010,30,1,0.00494
2010,30,2,0.00212
2010,31,1,0.00598
2010,31,2,0.0022
2010,32,1,0.00702
2010,32,2,0.00228
2010,33,1,0.00805
2010,33,2,0.00237
2010,34,1,0.00909
2010,34,2,0.00245
2010,35,1,0.010124
2010,35,2,0.00253
2010,36,1,0.0111796
2010,36,2,0.00262
2010,37,1,0.0122352
2010,37,2,0.00272
2010,38,1,0.0132908
2010,38,2,0.00281
2010,39,1,0.0143464
2010,39,2,0.00291
2010,40,1,0.015402
2010,40,2,0.003
2010,41,1,0.0175038
2010,41,2,0.0032
2010,42,1,0.0196056
2010,42,2,0.00341
2010,43,1,0.0217074
2010,43,2,0.00361
2010,44,1,0.0238092
2010,44,2,0.00381
2010,45,1,0.025911
2010,45,2,0.00402
2010,46,1,0.029177
2010,46,2,0.00475
2010,47,1,0.032443
2010,47,2,0.00549
2010,48,1,0.035709
2010,48,2,0.00623
2010,49,1,0.038975
2010,49,2,0.00697
2010,50,1,0.042241
2010,50,2,0.00771
2010,51,1,0.0497186
2010,51,2,0.00985
2010,52,1,0.0571962
2010,52,2,0.0119854
2010,53,1,0.0646738
2010,53,2,0.0141236
2010,54,1,0.0721514
2010,54,2,0.0162618
2010,55,1,0.079629
2010,55,2,0.0184
2010,56,1,0.093687
2010,56,2,0.0216842
2010,57,1,0.107745
2010,57,2,0.0249684
2010,58,1,0.121803
2010,58,2,0.0282526
2010,59,1,0.135861
2010,59,2,0.0315368
2010,60,1,0.149919
2010,60,2,0.034821
2010,61,1,0.1731892
2010,61,2,0.0440414
2010,62,1,0.1964594
2010,62,2,0.0532618
2010,63,1,0.2197296
2010,63,2,0.0624822
2010,64,1,0.2429998
2010,64,2,0.0717026
2010,65,1,0.26627
2010,65,2,0.080923
2010,66,1,0.297205
2010,66,2,0.0992794
2010,67,1,0.32814
2010,67,2,0.1176358
2010,68,1,0.359075
2010,68,2,0.1359922
2010,69,1,0.39001
2010,69,2,0.1543486
2010,70,1,0.420945
2010,70,2,0.172705
2010,71,1,0.4541238
2010,71,2,0.1999962
2010,72,1,0.4873026
2010,72,2,0.2272874
2010,73,1,0.5204814
2010,73,2,0.2545786
2010,74,1,0.5536602
2010,74,2,0.2818698
2010,75,1,0.586839
2010,75,2,0.309161
2010,76,1,0.7319716
2010,76,2,0.4102126
2010,77,1,0.8771042
2010,77,2,0.5112642
2010,78,1,1.0222368
2010,78,2,0.6123158
2010,79,1,1.1673694
2010,79,2,0.7133674
2010,80,1,1.312502
2010,80,2,0.814419
2010,81,1,1.312502
2010,81,2,0.814419
2010,82,1,1.312502
2010,82,2,0.814419
2010,83,1,1.312502
2010,83,2,0.814419
2010,84,1,1.312502
2010,84,2,0.814419
2010,85,1,1.312502
2010,85,2,0.814419
2010,86,1,1.312502
2010,86,2,0.814419
2010,87,1,1.312502
2010,87,2,0.814419
2010,88,1,1.312502
2010,88,2,0.814419
2010,89,1,1.312502
2010,89,2,0.814419
2010,90,1,1.312502
2010,90,2,0.814419
2010,91,1,1.312502
2010,91,2,0.814419
2010,92,1,1.312502
2010,92,2,0.814419
2010,93,1,1.312502
2010,93,2,0.814419
2010,94,1,1.312502
2010,94,2,0.814419
2010,95,1,1.312502
2010,95,2,0.814419
2010,96,1,1.312502
2010,96,2,0.814419
2010,97,1,1.312502
2010,97,2,0.814419
2010,98,1,1.312502
2010,98,2,0.814419
2010,99,1,1.312502
2010,99,2,0.814419
2010,100,1,1.312502
2010,100,2,0.814419
2010,101,1,1.312502
2010,101,2,0.814419
2010,102,1,1.312502
2010,102,2,0.814419
2010,103,1,1.312502
2010,103,2,0.814419
2011,1,1,5.31e-05
2011,1,2,5.75e-06
2011,2,1,5.4e-05
2011,2,2,1.17e-05
2011,3,1,5.49e-05
2011,3,2,1.77e-05
2011,4,1,5.59e-05
2011,4,2,2.36e-05
2011,5,1,5.68e-05
2011,5,2,2.96e-05
2011,6,1,6.32e-05
2011,6,2,2.55e-05
2011,7,1,6.96e-05
2011,7,2,2.14e-05
2011,8,1,7.59e-05
2011,8,2,1.74e-05
2011,9,1,8.23e-05
2011,9,2,1.33e-05
2011,10,1,8.87e-05
2011,10,2,9.24e-06
2011,11,1,0.000182
2011,11,2,4.73e-05
2011,12,1,0.000276
2011,12,2,8.53e-05
2011,13,1,0.00037
2011,13,2,0.000123
2011,14,1,0.000463
2011,14,2,0.000161
2011,15,1,0.000557
2011,15,2,0.000199
2011,16,1,0.000708
2011,16,2,0.000326
2011,17,1,0.000859
2011,17,2,0.000452
2011,18,1,0.00101
2011,18,2,0.000579
2011,19,1,0.00116
2011,19,2,0.000705
2011,20,1,0.00131
2011,20,2,0.000832
2011,21,1,0.0018
2011,21,2,0.000934
2011,22,1,0.00228
2011,22,2,0.00104
2011,23,1,0.00276
2011,23,2,0.00114
2011,24,1,0.00325
2011,24,2,0.00124
2011,25,1,0.00373
2011,25,2,0.00134
2011,26,1,0.00395
2011,26,2,0.00149
2011,27,1,0.00418
2011,27,2,0.00164
2011,28,1,0.0044
2011,28,2,0.00179
2011,29,1,0.00463
2011,29,2,0.00193
2011,30,1,0.00485
2011,30,2,0.00208
2011,31,1,0.00594
2011,31,2,0.00218
2011,32,1,0.00702
2011,32,2,0.00227
2011,33,1,0.00811
2011,33,2,0.00236
2011,34,1,0.00919
2011,34,2,0.00245
2011,35,1,0.0102757
2011,35,2,0.00255
2011,36,1,0.0113135
2011,36,2,0.00264
2011,37,1,0.0123514
2011,37,2,0.00274
2011,38,1,0.0133893
2011,38,2,0.00284
2011,39,1,0.0144271
2011,39,2,0.00293
2011,40,1,0.015465
2011,40,2,0.00303
2011,41,1,0.0176292
2011,41,2,0.00325
2011,42,1,0.0197934
2011,42,2,0.00346
2011,43,1,0.0219576
2011,43,2,0.00368
2011,44,1,0.0241218
2011,44,2,0.0039
2011,45,1,0.026286
2011,45,2,0.00412
2011,46,1,0.0297337
2011,46,2,0.00488
2011,47,1,0.0331815
2011,47,2,0.00564
2011,48,1,0.0366292
2011,48,2,0.00639
2011,49,1,0.0400769
2011,49,2,0.00715
2011,50,1,0.0435247
2011,50,2,0.00791
2011,51,1,0.0512163
2011,51,2,0.0101189
2011,52,1,0.0589079
2011,52,2,0.0123309
2011,53,1,0.0665995
2011,53,2,0.0145428
2011,54,1,0.0742911
2011,54,2,0.0167547
2011,55,1,0.0819827
2011,55,2,0.0189667
2011,56,1,0.0962327
2011,56,2,0.0222637
2011,57,1,0.1104828
2011,57,2,0.0255608
2011,58,1,0.1247329
2011,58,2,0.0288579
2011,59,1,0.1389829
2011,59,2,0.0321549
2011,60,1,0.153233
2011,60,2,0.035452
2011,61,1,0.1766964
2011,61,2,0.0447137
2011,62,1,0.2001598
2011,62,2,0.0539755
2011,63,1,0.2236232
2011,63,2,0.0632372
2011,64,1,0.2470866
2011,64,2,0.0724989
2011,65,1,0.27055
2011,65,2,0.0817607
2011,66,1,0.3017515
2011,66,2,0.100246
2011,67,1,0.3329531
2011,67,2,0.1187313
2011,68,1,0.3641546
2011,68,2,0.1372167
2011,69,1,0.3953561
2011,69,2,0.155702
2011,70,1,0.4265577
2011,70,2,0.1741873
2011,71,1,0.4604104
2011,71,2,0.2019441
2011,72,1,0.4942631
2011,72,2,0.2297008
2011,73,1,0.5281159
2011,73,2,0.2574575
2011,74,1,0.5619686
2011,74,2,0.2852143
2011,75,1,0.5958213
2011,75,2,0.312971
2011,76,1,0.7424898
2011,76,2,0.416063
2011,77,1,0.8891583
2011,77,2,0.519155
2011,78,1,1.0358267
2011,78,2,0.622247
2011,79,1,1.1824952
2011,79,2,0.725339
2011,80,1,1.3291637
2011,80,2,0.828431
2011,81,1,1.3291637
2011,81,2,0.828431
2011,82,1,1.3291637
2011,82,2,0.828431
2011,83,1,1.3291637
2011,83,2,0.828431
2011,84,1,1.3291637
2011,84,2,0.828431
2011,85,1,1.3291637
2011,85,2,0.828431
2011,86,1,1.3291637
2011,86,2,0.828431
2011,87,1,1.3291637
2011,87,2,0.828431
2011,88,1,1.3291637
2011,88,2,0.828431
2011,89,1,1.3291637
2011,89,2,0.828431
2011,90,1,1.3291637
2011,90,2,0.828431
2011,91,1,1.3291637
2011,91,2,0.828431
2011,92,1,1.3291637
2011,92,2,0.828431
2011,93,1,1.3291637
2011,93,2,0.828431
2011,94,1,1.3291637
2011,94,2,0.828431
2011,95,1,1.3291637
2011,95,2,0.828431
2011,96,1,1.3291637
2011,96,2,0.828431
2011,97,1,1.3291637
2011,97,2,0.828431
2011,98,1,1.3291637
2011,98,2,0.828431
2011,99,1,1.3291637
2011,99,2,0.828431
2011,100,1,1.3291637
2011,100,2,0.828431
2011,101,1,1.3291637
2011,101,2,0.828431
2011,102,1,1.3291637
2011,102,2,0.828431
2011,103,1,1.3291637
2011,103,2,0.828431
2012,1,1,5.24e-05
2012,1,2,5.78e-06
2012,2,1,5.35e-05
2012,2,2,1.17e-05
2012,3,1,5.46e-05
2012,3,2,1.76e-05
2012,4,1,5.57e-05
2012,4,2,2.36e-05
2012,5,1,5.68e-05
2012,5,2,2.95e-05
2012,6,1,6.36e-05
2012,6,2,2.55e-05
2012,7,1,7.04e-05
2012,7,2,2.15e-05
2012,8,1,7.72e-05
2012,8,2,1.75e-05
2012,9,1,8.4e-05
2012,9,2,1.35e-05
2012,10,1,9.08e-05
2012,10,2,9.49e-06
2012,11,1,0.000183
2012,11,2,4.59e-05
2012,12,1,0.000275
2012,12,2,8.23e-05
2012,13,1,0.000367
2012,13,2,0.000119
2012,14,1,0.000459
2012,14,2,0.000155
2012,15,1,0.000551
2012,15,2,0.000192
2012,16,1,0.000696
2012,16,2,0.000309
2012,17,1,0.00084
2012,17,2,0.000426
2012,18,1,0.000985
2012,18,2,0.000543
2012,19,1,0.00113
2012,19,2,0.00066
2012,20,1,0.00127
2012,20,2,0.000778
2012,21,1,0.00173
2012,21,2,0.000876
2012,22,1,0.00219
2012,22,2,0.000975
2012,23,1,0.00265
2012,23,2,0.00107
2012,24,1,0.00311
2012,24,2,0.00117
2012,25,1,0.00357
2012,25,2,0.00127
2012,26,1,0.00381
2012,26,2,0.00142
2012,27,1,0.00404
2012,27,2,0.00158
2012,28,1,0.00428
2012,28,2,0.00173
2012,29,1,0.00452
2012,29,2,0.00189
2012,30,1,0.00476
2012,30,2,0.00204
2012,31,1,0.00589
2012,31,2,0.00215
2012,32,1,0.00702
2012,32,2,0.00225
2012,33,1,0.00816
2012,33,2,0.00236
2012,34,1,0.00929
2012,34,2,0.00246
2012,35,1,0.0104273
2012,35,2,0.00257
2012,36,1,0.0114475
2012,36,2,0.00266
2012,37,1,0.0124676
2012,37,2,0.00276
2012,38,1,0.0134877
2012,38,2,0.00286
2012,39,1,0.0145079
2012,39,2,0.00296
2012,40,1,0.015528
2012,40,2,0.00305
2012,41,1,0.0177546
2012,41,2,0.00329
2012,42,1,0.0199812
2012,42,2,0.00352
2012,43,1,0.0222078
2012,43,2,0.00376
2012,44,1,0.0244344
2012,44,2,0.00399
2012,45,1,0.026661
2012,45,2,0.00423
2012,46,1,0.0302905
2012,46,2,0.005
2012,47,1,0.0339199
2012,47,2,0.00578
2012,48,1,0.0375494
2012,48,2,0.00655
2012,49,1,0.0411789
2012,49,2,0.00733
2012,50,1,0.0448083
2012,50,2,0.00811
2012,51,1,0.0527139
2012,51,2,0.0103907
2012,52,1,0.0606195
2012,52,2,0.0126763
2012,53,1,0.0685251
2012,53,2,0.014962
2012,54,1,0.0764307
2012,54,2,0.0172477
2012,55,1,0.0843363
2012,55,2,0.0195333
2012,56,1,0.0987785
2012,56,2,0.0228433
2012,57,1,0.1132206
2012,57,2,0.0261532
2012,58,1,0.1276627
2012,58,2,0.0294631
2012,59,1,0.1421049
2012,59,2,0.0327731
2012,60,1,0.156547
2012,60,2,0.036083
2012,61,1,0.1802036
2012,61,2,0.0453861
2012,62,1,0.2038602
2012,62,2,0.0546891
2012,63,1,0.2275168
2012,63,2,0.0639922
2012,64,1,0.2511734
2012,64,2,0.0732953
2012,65,1,0.27483
2012,65,2,0.0825983
2012,66,1,0.3062981
2012,66,2,0.1012126
2012,67,1,0.3377661
2012,67,2,0.1198269
2012,68,1,0.3692342
2012,68,2,0.1384411
2012,69,1,0.4007023
2012,69,2,0.1570554
2012,70,1,0.4321703
2012,70,2,0.1756697
2012,71,1,0.466697
2012,71,2,0.2038919
2012,72,1,0.5012237
2012,72,2,0.2321142
2012,73,1,0.5357503
2012,73,2,0.2603365
2012,74,1,0.570277
2012,74,2,0.2885587
2012,75,1,0.6048037
2012,75,2,0.316781
2012,76,1,0.753008
2012,76,2,0.4219134
2012,77,1,0.9012123
2012,77,2,0.5270458
2012,78,1,1.0494167
2012,78,2,0.6321782
2012,79,1,1.197621
2012,79,2,0.7373106
2012,80,1,1.3458253
2012,80,2,0.842443
2012,81,1,1.3458253
2012,81,2,0.842443
2012,82,1,1.3458253
2012,82,2,0.842443
2012,83,1,1.3458253
2012,83,2,0.842443
2012,84,1,1.3458253
2012,84,2,0.842443
2012,85,1,1.3458253
2012,85,2,0.842443
2012,86,1,1.3458253
2012,86,2,0.842443
2012,87,1,1.3458253
2012,87,2,0.842443
2012,88,1,1.3458253
2012,88,2,0.842443
2012,89,1,1.3458253
2012,89,2,0.842443
2012,90,1,1.3458253
2012,90,2,0.842443
2012,91,1,1.3458253
2012,91,2,0.842443
2012,92,1,1.3458253
2012,92,2,0.842443
2012,93,1,1.3458253
2012,93,2,0.842443
2012,94,1,1.3458253
2012,94,2,0.842443
2012,95,1,1.3458253
2012,95,2,0.842443
2012,96,1,1.3458253
2012,96,2,0.842443
2012,97,1,1.3458253
2012,97,2,0.842443
2012,98,1,1.3458253
2012,98,2,0.842443
2012,99,1,1.3458253
2012,99,2,0.842443
2012,100,1,1.3458253
2012,100,2,0.842443
2012,101,1,1.3458253
2012,101,2,0.842443
2012,102,1,1.3458253
2012,102,2,0.842443
2012,103,1,1.3458253
2012,103,2,0.842443
2013,1,1,5.18e-05
2013,1,2,5.81e-06
2013,2,1,5.3e-05
2013,2,2,1.17e-05
2013,3,1,5.43e-05
2013,3,2,1.76e-05
2013,4,1,5.56e-05
2013,4,2,2.35e-05
2013,5,1,5.68e-05
2013,5,2,2.95e-05
2013,6,1,6.4e-05
2013,6,2,2.55e-05
2013,7,1,7.12e-05
2013,7,2,2.16e-05
2013,8,1,7.84e-05
2013,8,2,1.76e-05
2013,9,1,8.56e-05
2013,9,2,1.37e-05
2013,10,1,9.29e-05
2013,10,2,9.75e-06
2013,11,1,0.000183
2013,11,2,4.46e-05
2013,12,1,0.000274
2013,12,2,7.94e-05
2013,13,1,0.000365
2013,13,2,0.000114
2013,14,1,0.000455
2013,14,2,0.000149
2013,15,1,0.000546
2013,15,2,0.000184
2013,16,1,0.000683
2013,16,2,0.000292
2013,17,1,0.000821
2013,17,2,4e-04
2013,18,1,0.000959
2013,18,2,0.000508
2013,19,1,0.0011
2013,19,2,0.000616
2013,20,1,0.00123
2013,20,2,0.000724
2013,21,1,0.00167
2013,21,2,0.000819
2013,22,1,0.0021
2013,22,2,0.000913
2013,23,1,0.00254
2013,23,2,0.00101
2013,24,1,0.00297
2013,24,2,0.0011
2013,25,1,0.00341
2013,25,2,0.0012
2013,26,1,0.00366
2013,26,2,0.00136
2013,27,1,0.00391
2013,27,2,0.00152
2013,28,1,0.00416
2013,28,2,0.00168
2013,29,1,0.00441
2013,29,2,0.00184
2013,30,1,0.00466
2013,30,2,0.002
2013,31,1,0.00585
2013,31,2,0.00212
2013,32,1,0.00703
2013,32,2,0.00224
2013,33,1,0.00821
2013,33,2,0.00235
2013,34,1,0.0094
2013,34,2,0.00247
2013,35,1,0.010579
2013,35,2,0.00259
2013,36,1,0.0115814
2013,36,2,0.00269
2013,37,1,0.0125838
2013,37,2,0.00278
2013,38,1,0.0135862
2013,38,2,0.00288
2013,39,1,0.0145886
2013,39,2,0.00298
2013,40,1,0.015591
2013,40,2,0.00308
2013,41,1,0.01788
2013,41,2,0.00333
2013,42,1,0.020169
2013,42,2,0.00358
2013,43,1,0.022458
2013,43,2,0.00383
2013,44,1,0.024747
2013,44,2,0.00408
2013,45,1,0.027036
2013,45,2,0.00434
2013,46,1,0.0308472
2013,46,2,0.00513
2013,47,1,0.0346584
2013,47,2,0.00592
2013,48,1,0.0384696
2013,48,2,0.00672
2013,49,1,0.0422808
2013,49,2,0.00751
2013,50,1,0.046092
2013,50,2,0.0083
2013,51,1,0.0542116
2013,51,2,0.0106624
2013,52,1,0.0623312
2013,52,2,0.0130218
2013,53,1,0.0704508
2013,53,2,0.0153812
2013,54,1,0.0785704
2013,54,2,0.0177406
2013,55,1,0.08669
2013,55,2,0.0201
2013,56,1,0.1013242
2013,56,2,0.0234228
2013,57,1,0.1159584
2013,57,2,0.0267456
2013,58,1,0.1305926
2013,58,2,0.0300684
2013,59,1,0.1452268
2013,59,2,0.0333912
2013,60,1,0.159861
2013,60,2,0.036714
2013,61,1,0.1837108
2013,61,2,0.0460584
2013,62,1,0.2075606
2013,62,2,0.0554028
2013,63,1,0.2314104
2013,63,2,0.0647472
2013,64,1,0.2552602
2013,64,2,0.0740916
2013,65,1,0.27911
2013,65,2,0.083436
2013,66,1,0.3108446
2013,66,2,0.1021792
2013,67,1,0.3425792
2013,67,2,0.1209224
2013,68,1,0.3743138
2013,68,2,0.1396656
2013,69,1,0.4060484
2013,69,2,0.1584088
2013,70,1,0.437783
2013,70,2,0.177152
2013,71,1,0.4729836
2013,71,2,0.2058398
2013,72,1,0.5081842
2013,72,2,0.2345276
2013,73,1,0.5433848
2013,73,2,0.2632154
2013,74,1,0.5785854
2013,74,2,0.2919032
2013,75,1,0.613786
2013,75,2,0.320591
2013,76,1,0.7635262
2013,76,2,0.4277638
2013,77,1,0.9132664
2013,77,2,0.5349366
2013,78,1,1.0630066
2013,78,2,0.6421094
2013,79,1,1.2127468
2013,79,2,0.7492822
2013,80,1,1.362487
2013,80,2,0.856455
2013,81,1,1.362487
2013,81,2,0.856455
2013,82,1,1.362487
2013,82,2,0.856455
2013,83,1,1.362487
2013,83,2,0.856455
2013,84,1,1.362487
2013,84,2,0.856455
2013,85,1,1.362487
2013,85,2,0.856455
2013,86,1,1.362487
2013,86,2,0.856455
2013,87,1,1.362487
2013,87,2,0.856455
2013,88,1,1.362487
2013,88,2,0.856455
2013,89,1,1.362487
2013,89,2,0.856455
2013,90,1,1.362487
2013,90,2,0.856455
2013,91,1,1.362487
2013,91,2,0.856455
2013,92,1,1.362487
2013,92,2,0.856455
2013,93,1,1.362487
2013,93,2,0.856455
2013,94,1,1.362487
2013,94,2,0.856455
2013,95,1,1.362487
2013,95,2,0.856455
2013,96,1,1.362487
2013,96,2,0.856455
2013,97,1,1.362487
2013,97,2,0.856455
2013,98,1,1.362487
2013,98,2,0.856455
2013,99,1,1.362487
2013,99,2,0.856455
2013,100,1,1.362487
2013,100,2,0.856455
2013,101,1,1.362487
2013,101,2,0.856455
2013,102,1,1.362487
2013,102,2,0.856455
2013,103,1,1.362487
2013,103,2,0.856455
